star,starLabel,movie,movieLabel,firstReleased
http://www.wikidata.org/entity/Q221074,Bud Spencer,http://www.wikidata.org/entity/Q116187,Q116187,1983-02-11T00:00:00Z
http://www.wikidata.org/entity/Q221074,Bud Spencer,http://www.wikidata.org/entity/Q180638,Q180638,1978-10-28T00:00:00Z
http://www.wikidata.org/entity/Q243430,Terence Hill,http://www.wikidata.org/entity/Q180638,Q180638,1978-10-28T00:00:00Z
http://www.wikidata.org/entity/Q221074,Bud Spencer,http://www.wikidata.org/entity/Q231967,Q231967,1981-01-01T00:00:00Z
http://www.wikidata.org/entity/Q243430,Terence Hill,http://www.wikidata.org/entity/Q231967,Q231967,1981-01-01T00:00:00Z
http://www.wikidata.org/entity/Q221074,Bud Spencer,http://www.wikidata.org/entity/Q232044,Q232044,1972-12-22T00:00:00Z
http://www.wikidata.org/entity/Q243430,Terence Hill,http://www.wikidata.org/entity/Q232044,Q232044,1972-12-22T00:00:00Z
http://www.wikidata.org/entity/Q221074,Bud Spencer,http://www.wikidata.org/entity/Q232083,Q232083,1974-12-21T00:00:00Z
http://www.wikidata.org/entity/Q243430,Terence Hill,http://www.wikidata.org/entity/Q232083,Q232083,1974-12-21T00:00:00Z
http://www.wikidata.org/entity/Q221074,Bud Spencer,http://www.wikidata.org/entity/Q232166,Dos súper policías,1977-04-01T00:00:00Z
http://www.wikidata.org/entity/Q243430,Terence Hill,http://www.wikidata.org/entity/Q232166,Dos súper policías,1977-04-01T00:00:00Z
http://www.wikidata.org/entity/Q221074,Bud Spencer,http://www.wikidata.org/entity/Q232175,Q232175,1983-09-01T00:00:00Z
http://www.wikidata.org/entity/Q243430,Terence Hill,http://www.wikidata.org/entity/Q232175,Q232175,1983-09-01T00:00:00Z
http://www.wikidata.org/entity/Q221074,Bud Spencer,http://www.wikidata.org/entity/Q232261,"Y si no, nos enfadamos",1974-03-29T00:00:00Z
http://www.wikidata.org/entity/Q243430,Terence Hill,http://www.wikidata.org/entity/Q232261,"Y si no, nos enfadamos",1974-03-29T00:00:00Z
http://www.wikidata.org/entity/Q243430,Terence Hill,http://www.wikidata.org/entity/Q250628,Q250628,1977-03-03T00:00:00Z
http://www.wikidata.org/entity/Q243430,Terence Hill,http://www.wikidata.org/entity/Q256901,Q256901,2005-01-01T00:00:00Z
http://www.wikidata.org/entity/Q243430,Terence Hill,http://www.wikidata.org/entity/Q316151,Q316151,1965-01-01T00:00:00Z
http://www.wikidata.org/entity/Q221074,Bud Spencer,http://www.wikidata.org/entity/Q324529,Más allá de la ley,1968-01-01T00:00:00Z
http://www.wikidata.org/entity/Q243430,Terence Hill,http://www.wikidata.org/entity/Q467379,Q467379,1987-11-13T00:00:00Z
http://www.wikidata.org/entity/Q243430,Terence Hill,http://www.wikidata.org/entity/Q471775,Q471775,1970-12-04T00:00:00Z
http://www.wikidata.org/entity/Q221074,Bud Spencer,http://www.wikidata.org/entity/Q473803,Q473803,1978-10-05T00:00:00Z
http://www.wikidata.org/entity/Q221074,Bud Spencer,http://www.wikidata.org/entity/Q473829,Q473829,1994-12-22T00:00:00Z
http://www.wikidata.org/entity/Q243430,Terence Hill,http://www.wikidata.org/entity/Q473829,Q473829,1994-12-22T00:00:00Z
http://www.wikidata.org/entity/Q243430,Terence Hill,http://www.wikidata.org/entity/Q521876,Q521876,1964-01-01T00:00:00Z
http://www.wikidata.org/entity/Q243430,Terence Hill,http://www.wikidata.org/entity/Q521907,El genio,1975-12-16T00:00:00Z
http://www.wikidata.org/entity/Q221074,Bud Spencer,http://www.wikidata.org/entity/Q548277,Q548277,1977-05-05T00:00:00Z
http://www.wikidata.org/entity/Q221074,Bud Spencer,http://www.wikidata.org/entity/Q555722,Q555722,1969-12-20T00:00:00Z
http://www.wikidata.org/entity/Q243430,Terence Hill,http://www.wikidata.org/entity/Q555722,Q555722,1969-12-20T00:00:00Z
http://www.wikidata.org/entity/Q221074,Bud Spencer,http://www.wikidata.org/entity/Q558927,Q558927,1986-12-23T00:00:00Z
http://www.wikidata.org/entity/Q221074,Bud Spencer,http://www.wikidata.org/entity/Q587854,Q587854,1980-03-01T00:00:00Z
http://www.wikidata.org/entity/Q221074,Bud Spencer,http://www.wikidata.org/entity/Q589001,Le seguían llamando Trinidad,1971-10-21T00:00:00Z
http://www.wikidata.org/entity/Q243430,Terence Hill,http://www.wikidata.org/entity/Q589001,Le seguían llamando Trinidad,1971-10-21T00:00:00Z
http://www.wikidata.org/entity/Q221074,Bud Spencer,http://www.wikidata.org/entity/Q596199,Q596199,1982-03-25T00:00:00Z
http://www.wikidata.org/entity/Q243430,Terence Hill,http://www.wikidata.org/entity/Q596623,El gatopardo,1963-01-01T00:00:00Z
http://www.wikidata.org/entity/Q221074,Bud Spencer,http://www.wikidata.org/entity/Q597579,Q597579,1984-10-19T00:00:00Z
http://www.wikidata.org/entity/Q243430,Terence Hill,http://www.wikidata.org/entity/Q597579,Q597579,1984-10-19T00:00:00Z
http://www.wikidata.org/entity/Q221074,Bud Spencer,http://www.wikidata.org/entity/Q598709,Le llamaban Trinidad,1970-12-22T00:00:00Z
http://www.wikidata.org/entity/Q243430,Terence Hill,http://www.wikidata.org/entity/Q598709,Le llamaban Trinidad,1970-12-22T00:00:00Z
http://www.wikidata.org/entity/Q221074,Bud Spencer,http://www.wikidata.org/entity/Q622201,4 mosche di velluto grigio,1971-01-01T00:00:00Z
http://www.wikidata.org/entity/Q221074,Bud Spencer,http://www.wikidata.org/entity/Q638356,Una razón para vivir y una para morir,1972-12-27T00:00:00Z
http://www.wikidata.org/entity/Q221074,Bud Spencer,http://www.wikidata.org/entity/Q668928,Q668928,1979-08-10T00:00:00Z
http://www.wikidata.org/entity/Q221074,Bud Spencer,http://www.wikidata.org/entity/Q694040,Q694040,1978-03-22T00:00:00Z
http://www.wikidata.org/entity/Q243430,Terence Hill,http://www.wikidata.org/entity/Q736144,Y después le llamaron El Magnífico,1972-09-09T00:00:00Z
http://www.wikidata.org/entity/Q243430,Terence Hill,http://www.wikidata.org/entity/Q751099,Lucky Luke,1991-07-04T00:00:00Z
http://www.wikidata.org/entity/Q221074,Bud Spencer,http://www.wikidata.org/entity/Q758591,Q758591,1973-03-22T00:00:00Z
http://www.wikidata.org/entity/Q221074,Bud Spencer,http://www.wikidata.org/entity/Q780835,Dos granujas en el oeste,1981-03-06T00:00:00Z
http://www.wikidata.org/entity/Q243430,Terence Hill,http://www.wikidata.org/entity/Q785492,Q785492,1965-08-25T00:00:00Z
http://www.wikidata.org/entity/Q243430,Terence Hill,http://www.wikidata.org/entity/Q822995,Q822995,1965-01-01T00:00:00Z
http://www.wikidata.org/entity/Q221074,Bud Spencer,http://www.wikidata.org/entity/Q825322,Turín Negro,1972-09-28T00:00:00Z
http://www.wikidata.org/entity/Q221074,Bud Spencer,http://www.wikidata.org/entity/Q826950,Q826950,2009-02-26T00:00:00Z
http://www.wikidata.org/entity/Q243430,Terence Hill,http://www.wikidata.org/entity/Q840565,Q840565,1967-01-01T00:00:00Z
http://www.wikidata.org/entity/Q221074,Bud Spencer,http://www.wikidata.org/entity/Q841882,Q841882,1975-03-27T00:00:00Z
http://www.wikidata.org/entity/Q221074,Bud Spencer,http://www.wikidata.org/entity/Q841887,Q841887,1973-10-23T00:00:00Z
http://www.wikidata.org/entity/Q221074,Bud Spencer,http://www.wikidata.org/entity/Q848252,Q848252,1968-10-31T00:00:00Z
http://www.wikidata.org/entity/Q243430,Terence Hill,http://www.wikidata.org/entity/Q848252,Q848252,1968-10-31T00:00:00Z
http://www.wikidata.org/entity/Q221074,Bud Spencer,http://www.wikidata.org/entity/Q850096,Q850096,1980-09-25T00:00:00Z
http://www.wikidata.org/entity/Q221074,Bud Spencer,http://www.wikidata.org/entity/Q850155,Q850155,1975-01-01T00:00:00Z
http://www.wikidata.org/entity/Q243430,Terence Hill,http://www.wikidata.org/entity/Q882468,Q882468,1967-01-01T00:00:00Z
http://www.wikidata.org/entity/Q243430,Terence Hill,http://www.wikidata.org/entity/Q895543,Q895543,1964-01-01T00:00:00Z
http://www.wikidata.org/entity/Q243430,Terence Hill,http://www.wikidata.org/entity/Q908533,Q908533,1983-01-01T00:00:00Z
http://www.wikidata.org/entity/Q243430,Terence Hill,http://www.wikidata.org/entity/Q910695,Marchar o morir,1977-08-05T00:00:00Z
http://www.wikidata.org/entity/Q221074,Bud Spencer,http://www.wikidata.org/entity/Q917322,Q917322,1990-01-01T00:00:00Z
http://www.wikidata.org/entity/Q243430,Terence Hill,http://www.wikidata.org/entity/Q937303,Q937303,1961-01-01T00:00:00Z
http://www.wikidata.org/entity/Q221074,Bud Spencer,http://www.wikidata.org/entity/Q938137,Quo vadis,1951-01-01T00:00:00Z
http://www.wikidata.org/entity/Q221074,Bud Spencer,http://www.wikidata.org/entity/Q942657,Dos Superpolicias en Miami,1985-11-01T00:00:00Z
http://www.wikidata.org/entity/Q243430,Terence Hill,http://www.wikidata.org/entity/Q942657,Dos Superpolicias en Miami,1985-11-01T00:00:00Z
http://www.wikidata.org/entity/Q221074,Bud Spencer,http://www.wikidata.org/entity/Q943961,Q943961,1971-03-12T00:00:00Z
http://www.wikidata.org/entity/Q243430,Terence Hill,http://www.wikidata.org/entity/Q943961,Q943961,1971-03-12T00:00:00Z
http://www.wikidata.org/entity/Q243430,Terence Hill,http://www.wikidata.org/entity/Q964009,Mi nombre es Ninguno,1973-12-13T00:00:00Z
http://www.wikidata.org/entity/Q221074,Bud Spencer,http://www.wikidata.org/entity/Q970386,Q970386,1979-12-13T00:00:00Z
http://www.wikidata.org/entity/Q243430,Terence Hill,http://www.wikidata.org/entity/Q970386,Q970386,1979-12-13T00:00:00Z
http://www.wikidata.org/entity/Q243430,Terence Hill,http://www.wikidata.org/entity/Q1062054,El Superpoderoso,1980-01-01T00:00:00Z
http://www.wikidata.org/entity/Q221074,Bud Spencer,http://www.wikidata.org/entity/Q1070548,Tú perdonas... yo no,1967-10-31T00:00:00Z
http://www.wikidata.org/entity/Q243430,Terence Hill,http://www.wikidata.org/entity/Q1070548,Tú perdonas... yo no,1967-10-31T00:00:00Z
http://www.wikidata.org/entity/Q221074,Bud Spencer,http://www.wikidata.org/entity/Q1131511,Q1131511,1969-10-16T00:00:00Z
http://www.wikidata.org/entity/Q221074,Bud Spencer,http://www.wikidata.org/entity/Q1163902,Q1163902,1951-01-01T00:00:00Z
http://www.wikidata.org/entity/Q221074,Bud Spencer,http://www.wikidata.org/entity/Q1192601,Q1192601,1982-08-05T00:00:00Z
http://www.wikidata.org/entity/Q221074,Bud Spencer,http://www.wikidata.org/entity/Q1295110,Ojo por ojo,1968-03-28T00:00:00Z
http://www.wikidata.org/entity/Q221074,Bud Spencer,http://www.wikidata.org/entity/Q1571469,En el oeste se puede hacer... amigo,1971-01-01T00:00:00Z
http://www.wikidata.org/entity/Q221074,Bud Spencer,http://www.wikidata.org/entity/Q1576167,Q1576167,1959-12-21T00:00:00Z
http://www.wikidata.org/entity/Q221074,Bud Spencer,http://www.wikidata.org/entity/Q1629592,Adiós a las armas,1957-01-01T00:00:00Z
http://www.wikidata.org/entity/Q221074,Bud Spencer,http://www.wikidata.org/entity/Q1747484,Y Dios está con nosotros,1969-09-09T00:00:00Z
http://www.wikidata.org/entity/Q221074,Bud Spencer,http://www.wikidata.org/entity/Q2046014,Q2046014,2001-01-01T00:00:00Z
http://www.wikidata.org/entity/Q221074,Bud Spencer,http://www.wikidata.org/entity/Q3053517,Q3053517,2003-01-01T00:00:00Z
http://www.wikidata.org/entity/Q221074,Bud Spencer,http://www.wikidata.org/entity/Q3546248,Al límite,1997-01-01T00:00:00Z
http://www.wikidata.org/entity/Q221074,Bud Spencer,http://www.wikidata.org/entity/Q3744742,Hijos del viento,2000-06-16T00:00:00Z
http://www.wikidata.org/entity/Q221074,Bud Spencer,http://www.wikidata.org/entity/Q3754630,Q3754630,1997-01-01T00:00:00Z
http://www.wikidata.org/entity/Q221074,Bud Spencer,http://www.wikidata.org/entity/Q3819870,Q3819870,2010-01-01T00:00:00Z
http://www.wikidata.org/entity/Q221074,Bud Spencer,http://www.wikidata.org/entity/Q3927581,Q3927581,1950-01-01T00:00:00Z
http://www.wikidata.org/entity/Q221074,Bud Spencer,http://www.wikidata.org/entity/Q3960575,Q3960575,1954-01-01T00:00:00Z
http://www.wikidata.org/entity/Q221074,Bud Spencer,http://www.wikidata.org/entity/Q4003806,Q4003806,1955-01-01T00:00:00Z
http://www.wikidata.org/entity/Q221074,Bud Spencer,http://www.wikidata.org/entity/Q4004077,Q4004077,1976-01-01T00:00:00Z
http://www.wikidata.org/entity/Q221074,Bud Spencer,http://www.wikidata.org/entity/Q16695037,Q16695037,1992-01-01T00:00:00Z
http://www.wikidata.org/entity/Q221074,Bud Spencer,http://www.wikidata.org/entity/Q27590220,Q27590220,1957-01-01T00:00:00Z
http://www.wikidata.org/entity/Q221074,Bud Spencer,http://www.wikidata.org/entity/Q30807542,Q30807542,1992-01-01T00:00:00Z
http://www.wikidata.org/entity/Q221074,Bud Spencer,http://www.wikidata.org/entity/Q30809518,Q30809518,1993-01-01T00:00:00Z
http://www.wikidata.org/entity/Q221074,Bud Spencer,http://www.wikidata.org/entity/Q32999881,Q32999881,2017-06-23T00:00:00Z
http://www.wikidata.org/entity/Q243430,Terence Hill,http://www.wikidata.org/entity/Q1163902,Q1163902,1951-01-01T00:00:00Z
http://www.wikidata.org/entity/Q243430,Terence Hill,http://www.wikidata.org/entity/Q1198395,Q1198395,1969-01-01T00:00:00Z
http://www.wikidata.org/entity/Q243430,Terence Hill,http://www.wikidata.org/entity/Q1215151,Q1215151,1966-01-01T00:00:00Z
http://www.wikidata.org/entity/Q243430,Terence Hill,http://www.wikidata.org/entity/Q1233715,Q1233715,2009-01-01T00:00:00Z
http://www.wikidata.org/entity/Q243430,Terence Hill,http://www.wikidata.org/entity/Q1255585,Q1255585,1965-01-01T00:00:00Z
http://www.wikidata.org/entity/Q243430,Terence Hill,http://www.wikidata.org/entity/Q1351744,A un paso del cielo,2011-01-01T00:00:00Z
http://www.wikidata.org/entity/Q243430,Terence Hill,http://www.wikidata.org/entity/Q1420968,Q1420968,1972-04-07T00:00:00Z
http://www.wikidata.org/entity/Q243430,Terence Hill,http://www.wikidata.org/entity/Q1423362,McCabe & Mrs. Miller,1971-01-01T00:00:00Z
http://www.wikidata.org/entity/Q243430,Terence Hill,http://www.wikidata.org/entity/Q1497343,Q1497343,1965-01-01T00:00:00Z
http://www.wikidata.org/entity/Q243430,Terence Hill,http://www.wikidata.org/entity/Q1576167,Q1576167,1959-12-21T00:00:00Z
http://www.wikidata.org/entity/Q243430,Terence Hill,http://www.wikidata.org/entity/Q1788153,Q1788153,1958-01-01T00:00:00Z
http://www.wikidata.org/entity/Q243430,Terence Hill,http://www.wikidata.org/entity/Q2527933,Q2527933,1997-01-01T00:00:00Z
http://www.wikidata.org/entity/Q243430,Terence Hill,http://www.wikidata.org/entity/Q2940586,Q2940586,1959-01-01T00:00:00Z
http://www.wikidata.org/entity/Q243430,Terence Hill,http://www.wikidata.org/entity/Q3108858,Q3108858,1955-01-01T00:00:00Z
http://www.wikidata.org/entity/Q243430,Terence Hill,http://www.wikidata.org/entity/Q3203227,Q3203227,1960-01-01T00:00:00Z
http://www.wikidata.org/entity/Q243430,Terence Hill,http://www.wikidata.org/entity/Q3213477,Q3213477,1955-01-01T00:00:00Z
http://www.wikidata.org/entity/Q243430,Terence Hill,http://www.wikidata.org/entity/Q3223684,Q3223684,1963-01-01T00:00:00Z
http://www.wikidata.org/entity/Q243430,Terence Hill,http://www.wikidata.org/entity/Q3224443,Q3224443,1959-01-01T00:00:00Z
http://www.wikidata.org/entity/Q243430,Terence Hill,http://www.wikidata.org/entity/Q3282673,Q3282673,1953-01-01T00:00:00Z
http://www.wikidata.org/entity/Q243430,Terence Hill,http://www.wikidata.org/entity/Q3283372,Q3283372,1962-01-01T00:00:00Z
http://www.wikidata.org/entity/Q243430,Terence Hill,http://www.wikidata.org/entity/Q3547086,Q3547086,1958-01-01T00:00:00Z
http://www.wikidata.org/entity/Q243430,Terence Hill,http://www.wikidata.org/entity/Q3664985,Q3664985,1959-01-01T00:00:00Z
http://www.wikidata.org/entity/Q243430,Terence Hill,http://www.wikidata.org/entity/Q3712040,Q3712040,1954-01-01T00:00:00Z
http://www.wikidata.org/entity/Q243430,Terence Hill,http://www.wikidata.org/entity/Q3778078,Q3778078,1956-01-01T00:00:00Z
http://www.wikidata.org/entity/Q243430,Terence Hill,http://www.wikidata.org/entity/Q3791384,Q3791384,1956-01-01T00:00:00Z
http://www.wikidata.org/entity/Q243430,Terence Hill,http://www.wikidata.org/entity/Q3801189,Q3801189,1967-01-01T00:00:00Z
http://www.wikidata.org/entity/Q243430,Terence Hill,http://www.wikidata.org/entity/Q3811039,Q3811039,1959-01-01T00:00:00Z
http://www.wikidata.org/entity/Q243430,Terence Hill,http://www.wikidata.org/entity/Q3822300,Q3822300,1967-01-01T00:00:00Z
http://www.wikidata.org/entity/Q243430,Terence Hill,http://www.wikidata.org/entity/Q3822655,Q3822655,1957-01-01T00:00:00Z
http://www.wikidata.org/entity/Q243430,Terence Hill,http://www.wikidata.org/entity/Q3828227,Q3828227,1957-01-01T00:00:00Z
http://www.wikidata.org/entity/Q243430,Terence Hill,http://www.wikidata.org/entity/Q3844156,Q3844156,1956-01-01T00:00:00Z
http://www.wikidata.org/entity/Q243430,Terence Hill,http://www.wikidata.org/entity/Q3921867,Primo amore,1959-01-01T00:00:00Z
http://www.wikidata.org/entity/Q243430,Terence Hill,http://www.wikidata.org/entity/Q3998121,Q3998121,2004-01-01T00:00:00Z
http://www.wikidata.org/entity/Q243430,Terence Hill,http://www.wikidata.org/entity/Q4003928,Q4003928,1960-01-01T00:00:00Z
http://www.wikidata.org/entity/Q243430,Terence Hill,http://www.wikidata.org/entity/Q4004077,Q4004077,1976-01-01T00:00:00Z
http://www.wikidata.org/entity/Q243430,Terence Hill,http://www.wikidata.org/entity/Q4011833,Q4011833,1953-01-01T00:00:00Z
http://www.wikidata.org/entity/Q243430,Terence Hill,http://www.wikidata.org/entity/Q7158603,Pecado de amor,1961-01-01T00:00:00Z
http://www.wikidata.org/entity/Q243430,Terence Hill,http://www.wikidata.org/entity/Q7939569,Q7939569,1953-01-01T00:00:00Z
http://www.wikidata.org/entity/Q243430,Terence Hill,http://www.wikidata.org/entity/Q15857347,Q15857347,2009-01-01T00:00:00Z
http://www.wikidata.org/entity/Q243430,Terence Hill,http://www.wikidata.org/entity/Q20004776,Q20004776,1953-01-01T00:00:00Z
http://www.wikidata.org/entity/Q243430,Terence Hill,http://www.wikidata.org/entity/Q28064472,Org,1979-01-01T00:00:00Z
http://www.wikidata.org/entity/Q243430,Terence Hill,http://www.wikidata.org/entity/Q30889321,Q30889321,2018-01-01T00:00:00Z
http://www.wikidata.org/entity/Q243430,Terence Hill,http://www.wikidata.org/entity/Q32999881,Q32999881,2017-06-23T00:00:00Z
