star,starLabel,movie,movieLabel,firstReleased
http://www.wikidata.org/entity/Q221074,Bud Spencer,http://www.wikidata.org/entity/Q116187,"Bud, der Ganovenschreck",1983-02-11T00:00:00Z
http://www.wikidata.org/entity/Q221074,Bud Spencer,http://www.wikidata.org/entity/Q180638,Zwei sind nicht zu bremsen,1978-10-28T00:00:00Z
http://www.wikidata.org/entity/Q243430,Terence Hill,http://www.wikidata.org/entity/Q180638,Zwei sind nicht zu bremsen,1978-10-28T00:00:00Z
http://www.wikidata.org/entity/Q221074,Bud Spencer,http://www.wikidata.org/entity/Q231967,Zwei Asse trumpfen auf,1981-01-01T00:00:00Z
http://www.wikidata.org/entity/Q243430,Terence Hill,http://www.wikidata.org/entity/Q231967,Zwei Asse trumpfen auf,1981-01-01T00:00:00Z
http://www.wikidata.org/entity/Q221074,Bud Spencer,http://www.wikidata.org/entity/Q232044,Zwei Himmelhunde auf dem Weg zur Hölle,1972-12-22T00:00:00Z
http://www.wikidata.org/entity/Q243430,Terence Hill,http://www.wikidata.org/entity/Q232044,Zwei Himmelhunde auf dem Weg zur Hölle,1972-12-22T00:00:00Z
http://www.wikidata.org/entity/Q221074,Bud Spencer,http://www.wikidata.org/entity/Q232083,Zwei Missionare,1974-12-21T00:00:00Z
http://www.wikidata.org/entity/Q243430,Terence Hill,http://www.wikidata.org/entity/Q232083,Zwei Missionare,1974-12-21T00:00:00Z
http://www.wikidata.org/entity/Q221074,Bud Spencer,http://www.wikidata.org/entity/Q232166,Zwei außer Rand und Band,1977-04-01T00:00:00Z
http://www.wikidata.org/entity/Q243430,Terence Hill,http://www.wikidata.org/entity/Q232166,Zwei außer Rand und Band,1977-04-01T00:00:00Z
http://www.wikidata.org/entity/Q221074,Bud Spencer,http://www.wikidata.org/entity/Q232175,Zwei bärenstarke Typen,1983-09-01T00:00:00Z
http://www.wikidata.org/entity/Q243430,Terence Hill,http://www.wikidata.org/entity/Q232175,Zwei bärenstarke Typen,1983-09-01T00:00:00Z
http://www.wikidata.org/entity/Q221074,Bud Spencer,http://www.wikidata.org/entity/Q232261,Zwei wie Pech und Schwefel,1974-03-29T00:00:00Z
http://www.wikidata.org/entity/Q243430,Terence Hill,http://www.wikidata.org/entity/Q232261,Zwei wie Pech und Schwefel,1974-03-29T00:00:00Z
http://www.wikidata.org/entity/Q243430,Terence Hill,http://www.wikidata.org/entity/Q250628,Mister Billion,1977-03-03T00:00:00Z
http://www.wikidata.org/entity/Q243430,Terence Hill,http://www.wikidata.org/entity/Q256901,L'uomo che sognava con le aquile,2005-01-01T00:00:00Z
http://www.wikidata.org/entity/Q243430,Terence Hill,http://www.wikidata.org/entity/Q316151,Old Surehand 1. Teil,1965-01-01T00:00:00Z
http://www.wikidata.org/entity/Q221074,Bud Spencer,http://www.wikidata.org/entity/Q324529,Die letzte Rechnung zahlst du selbst,1968-01-01T00:00:00Z
http://www.wikidata.org/entity/Q243430,Terence Hill,http://www.wikidata.org/entity/Q467379,Renegade,1987-11-13T00:00:00Z
http://www.wikidata.org/entity/Q243430,Terence Hill,http://www.wikidata.org/entity/Q471775,Der Teufel kennt kein Halleluja,1970-12-04T00:00:00Z
http://www.wikidata.org/entity/Q221074,Bud Spencer,http://www.wikidata.org/entity/Q473803,Sie nannten ihn Mücke,1978-10-05T00:00:00Z
http://www.wikidata.org/entity/Q221074,Bud Spencer,http://www.wikidata.org/entity/Q473829,Die Troublemaker,1994-12-22T00:00:00Z
http://www.wikidata.org/entity/Q243430,Terence Hill,http://www.wikidata.org/entity/Q473829,Die Troublemaker,1994-12-22T00:00:00Z
http://www.wikidata.org/entity/Q243430,Terence Hill,http://www.wikidata.org/entity/Q521876,Winnetou 2. Teil,1964-01-01T00:00:00Z
http://www.wikidata.org/entity/Q243430,Terence Hill,http://www.wikidata.org/entity/Q521907,Nobody ist der Größte,1975-12-16T00:00:00Z
http://www.wikidata.org/entity/Q221074,Bud Spencer,http://www.wikidata.org/entity/Q548277,Charleston – Zwei Fäuste räumen auf,1977-05-05T00:00:00Z
http://www.wikidata.org/entity/Q221074,Bud Spencer,http://www.wikidata.org/entity/Q555722,Hügel der blutigen Stiefel,1969-12-20T00:00:00Z
http://www.wikidata.org/entity/Q243430,Terence Hill,http://www.wikidata.org/entity/Q555722,Hügel der blutigen Stiefel,1969-12-20T00:00:00Z
http://www.wikidata.org/entity/Q221074,Bud Spencer,http://www.wikidata.org/entity/Q558927,Aladin,1986-12-23T00:00:00Z
http://www.wikidata.org/entity/Q221074,Bud Spencer,http://www.wikidata.org/entity/Q587854,Plattfuß am Nil,1980-03-01T00:00:00Z
http://www.wikidata.org/entity/Q221074,Bud Spencer,http://www.wikidata.org/entity/Q589001,Vier Fäuste für ein Halleluja,1971-10-21T00:00:00Z
http://www.wikidata.org/entity/Q243430,Terence Hill,http://www.wikidata.org/entity/Q589001,Vier Fäuste für ein Halleluja,1971-10-21T00:00:00Z
http://www.wikidata.org/entity/Q221074,Bud Spencer,http://www.wikidata.org/entity/Q596199,Banana Joe,1982-03-25T00:00:00Z
http://www.wikidata.org/entity/Q243430,Terence Hill,http://www.wikidata.org/entity/Q596623,Der Leopard,1963-01-01T00:00:00Z
http://www.wikidata.org/entity/Q221074,Bud Spencer,http://www.wikidata.org/entity/Q597579,Vier Fäuste gegen Rio,1984-10-19T00:00:00Z
http://www.wikidata.org/entity/Q243430,Terence Hill,http://www.wikidata.org/entity/Q597579,Vier Fäuste gegen Rio,1984-10-19T00:00:00Z
http://www.wikidata.org/entity/Q221074,Bud Spencer,http://www.wikidata.org/entity/Q598709,Die rechte und die linke Hand des Teufels,1970-12-22T00:00:00Z
http://www.wikidata.org/entity/Q243430,Terence Hill,http://www.wikidata.org/entity/Q598709,Die rechte und die linke Hand des Teufels,1970-12-22T00:00:00Z
http://www.wikidata.org/entity/Q221074,Bud Spencer,http://www.wikidata.org/entity/Q622201,Vier Fliegen auf grauem Samt,1971-01-01T00:00:00Z
http://www.wikidata.org/entity/Q221074,Bud Spencer,http://www.wikidata.org/entity/Q638356,Sie verkaufen den Tod,1972-12-27T00:00:00Z
http://www.wikidata.org/entity/Q221074,Bud Spencer,http://www.wikidata.org/entity/Q668928,Der Große mit seinem außerirdischen Kleinen,1979-08-10T00:00:00Z
http://www.wikidata.org/entity/Q221074,Bud Spencer,http://www.wikidata.org/entity/Q694040,Plattfuß in Afrika,1978-03-22T00:00:00Z
http://www.wikidata.org/entity/Q243430,Terence Hill,http://www.wikidata.org/entity/Q736144,"Verflucht, verdammt und Halleluja",1972-09-09T00:00:00Z
http://www.wikidata.org/entity/Q243430,Terence Hill,http://www.wikidata.org/entity/Q751099,Lucky Luke,1991-07-04T00:00:00Z
http://www.wikidata.org/entity/Q221074,Bud Spencer,http://www.wikidata.org/entity/Q758591,Auch die Engel essen Bohnen,1973-03-22T00:00:00Z
http://www.wikidata.org/entity/Q221074,Bud Spencer,http://www.wikidata.org/entity/Q780835,Eine Faust geht nach Westen,1981-03-06T00:00:00Z
http://www.wikidata.org/entity/Q243430,Terence Hill,http://www.wikidata.org/entity/Q785492,Der Ölprinz,1965-08-25T00:00:00Z
http://www.wikidata.org/entity/Q243430,Terence Hill,http://www.wikidata.org/entity/Q822995,Duell vor Sonnenuntergang,1965-01-01T00:00:00Z
http://www.wikidata.org/entity/Q221074,Bud Spencer,http://www.wikidata.org/entity/Q825322,Der Sizilianer,1972-09-28T00:00:00Z
http://www.wikidata.org/entity/Q221074,Bud Spencer,http://www.wikidata.org/entity/Q826950,"Mord ist mein Geschäft, Liebling",2009-02-26T00:00:00Z
http://www.wikidata.org/entity/Q243430,Terence Hill,http://www.wikidata.org/entity/Q840565,Django und die Bande der Gehenkten,1967-01-01T00:00:00Z
http://www.wikidata.org/entity/Q221074,Bud Spencer,http://www.wikidata.org/entity/Q841882,Plattfuß räumt auf,1975-03-27T00:00:00Z
http://www.wikidata.org/entity/Q221074,Bud Spencer,http://www.wikidata.org/entity/Q841887,Sie nannten ihn Plattfuß,1973-10-23T00:00:00Z
http://www.wikidata.org/entity/Q221074,Bud Spencer,http://www.wikidata.org/entity/Q848252,Vier für ein Ave Maria,1968-10-31T00:00:00Z
http://www.wikidata.org/entity/Q243430,Terence Hill,http://www.wikidata.org/entity/Q848252,Vier für ein Ave Maria,1968-10-31T00:00:00Z
http://www.wikidata.org/entity/Q221074,Bud Spencer,http://www.wikidata.org/entity/Q850096,Buddy haut den Lukas,1980-09-25T00:00:00Z
http://www.wikidata.org/entity/Q221074,Bud Spencer,http://www.wikidata.org/entity/Q850155,"Hector, der Ritter ohne Furcht und Tadel",1975-01-01T00:00:00Z
http://www.wikidata.org/entity/Q243430,Terence Hill,http://www.wikidata.org/entity/Q882468,Blaue Bohnen für ein Halleluja,1967-01-01T00:00:00Z
http://www.wikidata.org/entity/Q243430,Terence Hill,http://www.wikidata.org/entity/Q895543,Unter Geiern,1964-01-01T00:00:00Z
http://www.wikidata.org/entity/Q243430,Terence Hill,http://www.wikidata.org/entity/Q908533,Keiner haut wie Don Camillo,1983-01-01T00:00:00Z
http://www.wikidata.org/entity/Q243430,Terence Hill,http://www.wikidata.org/entity/Q910695,Marschier oder stirb,1977-08-05T00:00:00Z
http://www.wikidata.org/entity/Q221074,Bud Spencer,http://www.wikidata.org/entity/Q917322,Wenn man vom Teufel spricht,1990-01-01T00:00:00Z
http://www.wikidata.org/entity/Q243430,Terence Hill,http://www.wikidata.org/entity/Q937303,Aladins Abenteuer,1961-01-01T00:00:00Z
http://www.wikidata.org/entity/Q221074,Bud Spencer,http://www.wikidata.org/entity/Q938137,Quo vadis?,1951-01-01T00:00:00Z
http://www.wikidata.org/entity/Q221074,Bud Spencer,http://www.wikidata.org/entity/Q942657,Die Miami Cops,1985-11-01T00:00:00Z
http://www.wikidata.org/entity/Q243430,Terence Hill,http://www.wikidata.org/entity/Q942657,Die Miami Cops,1985-11-01T00:00:00Z
http://www.wikidata.org/entity/Q221074,Bud Spencer,http://www.wikidata.org/entity/Q943961,Freibeuter der Meere,1971-03-12T00:00:00Z
http://www.wikidata.org/entity/Q243430,Terence Hill,http://www.wikidata.org/entity/Q943961,Freibeuter der Meere,1971-03-12T00:00:00Z
http://www.wikidata.org/entity/Q243430,Terence Hill,http://www.wikidata.org/entity/Q964009,Mein Name ist Nobody,1973-12-13T00:00:00Z
http://www.wikidata.org/entity/Q221074,Bud Spencer,http://www.wikidata.org/entity/Q970386,Das Krokodil und sein Nilpferd,1979-12-13T00:00:00Z
http://www.wikidata.org/entity/Q243430,Terence Hill,http://www.wikidata.org/entity/Q970386,Das Krokodil und sein Nilpferd,1979-12-13T00:00:00Z
http://www.wikidata.org/entity/Q243430,Terence Hill,http://www.wikidata.org/entity/Q1062054,Der Supercop,1980-01-01T00:00:00Z
http://www.wikidata.org/entity/Q221074,Bud Spencer,http://www.wikidata.org/entity/Q1070548,Gott vergibt… Django nie!,1967-10-31T00:00:00Z
http://www.wikidata.org/entity/Q243430,Terence Hill,http://www.wikidata.org/entity/Q1070548,Gott vergibt… Django nie!,1967-10-31T00:00:00Z
http://www.wikidata.org/entity/Q221074,Bud Spencer,http://www.wikidata.org/entity/Q1131511,Die fünf Gefürchteten,1969-10-16T00:00:00Z
http://www.wikidata.org/entity/Q221074,Bud Spencer,http://www.wikidata.org/entity/Q1163902,Das große Ferienabenteuer,1951-01-01T00:00:00Z
http://www.wikidata.org/entity/Q221074,Bud Spencer,http://www.wikidata.org/entity/Q1192601,Der Bomber,1982-08-05T00:00:00Z
http://www.wikidata.org/entity/Q221074,Bud Spencer,http://www.wikidata.org/entity/Q1295110,Heute ich… morgen Du!,1968-03-28T00:00:00Z
http://www.wikidata.org/entity/Q221074,Bud Spencer,http://www.wikidata.org/entity/Q1571469,Halleluja… Amigo,1971-01-01T00:00:00Z
http://www.wikidata.org/entity/Q221074,Bud Spencer,http://www.wikidata.org/entity/Q1576167,Hannibal,1959-12-21T00:00:00Z
http://www.wikidata.org/entity/Q221074,Bud Spencer,http://www.wikidata.org/entity/Q1629592,In einem anderen Land,1957-01-01T00:00:00Z
http://www.wikidata.org/entity/Q221074,Bud Spencer,http://www.wikidata.org/entity/Q1747484,Die im Dreck krepieren,1969-09-09T00:00:00Z
http://www.wikidata.org/entity/Q221074,Bud Spencer,http://www.wikidata.org/entity/Q2046014,Padre Speranza – Mit Gottes Segen,2001-01-01T00:00:00Z
http://www.wikidata.org/entity/Q221074,Bud Spencer,http://www.wikidata.org/entity/Q3053517,Q3053517,2003-01-01T00:00:00Z
http://www.wikidata.org/entity/Q221074,Bud Spencer,http://www.wikidata.org/entity/Q3546248,Al limite,1997-01-01T00:00:00Z
http://www.wikidata.org/entity/Q221074,Bud Spencer,http://www.wikidata.org/entity/Q3744742,Söhne des Windes,2000-06-16T00:00:00Z
http://www.wikidata.org/entity/Q221074,Bud Spencer,http://www.wikidata.org/entity/Q3754630,Fuochi d'artificio,1997-01-01T00:00:00Z
http://www.wikidata.org/entity/Q221074,Bud Spencer,http://www.wikidata.org/entity/Q3819870,L'ultimo gattopardo: Ritratto di Goffredo Lombardo,2010-01-01T00:00:00Z
http://www.wikidata.org/entity/Q221074,Bud Spencer,http://www.wikidata.org/entity/Q3927581,Q3927581,1950-01-01T00:00:00Z
http://www.wikidata.org/entity/Q221074,Bud Spencer,http://www.wikidata.org/entity/Q3960575,Torpedomänner greifen an,1954-01-01T00:00:00Z
http://www.wikidata.org/entity/Q221074,Bud Spencer,http://www.wikidata.org/entity/Q4003806,Ein Held unserer Tage,1955-01-01T00:00:00Z
http://www.wikidata.org/entity/Q221074,Bud Spencer,http://www.wikidata.org/entity/Q4004077,"Un sorriso, uno schiaffo, un bacio in bocca",1976-01-01T00:00:00Z
http://www.wikidata.org/entity/Q221074,Bud Spencer,http://www.wikidata.org/entity/Q16695037,Zwei Supertypen in Miami – Extralarge gegen Tod und Teufel,1992-01-01T00:00:00Z
http://www.wikidata.org/entity/Q221074,Bud Spencer,http://www.wikidata.org/entity/Q27590220,Q27590220,1957-01-01T00:00:00Z
http://www.wikidata.org/entity/Q221074,Bud Spencer,http://www.wikidata.org/entity/Q30807542,Zwei Supertypen in Miami – Die Formel des Todes,1992-01-01T00:00:00Z
http://www.wikidata.org/entity/Q221074,Bud Spencer,http://www.wikidata.org/entity/Q30809518,Zwei Supertypen in Miami – Extralarge und die Indianer,1993-01-01T00:00:00Z
http://www.wikidata.org/entity/Q221074,Bud Spencer,http://www.wikidata.org/entity/Q32999881,Sie nannten ihn Spencer,2017-06-23T00:00:00Z
http://www.wikidata.org/entity/Q243430,Terence Hill,http://www.wikidata.org/entity/Q1163902,Das große Ferienabenteuer,1951-01-01T00:00:00Z
http://www.wikidata.org/entity/Q243430,Terence Hill,http://www.wikidata.org/entity/Q1198395,Der blauäugige Bandit,1969-01-01T00:00:00Z
http://www.wikidata.org/entity/Q243430,Terence Hill,http://www.wikidata.org/entity/Q1215151,Die Nibelungen,1966-01-01T00:00:00Z
http://www.wikidata.org/entity/Q243430,Terence Hill,http://www.wikidata.org/entity/Q1233715,Doc West – Nobody ist zurück,2009-01-01T00:00:00Z
http://www.wikidata.org/entity/Q243430,Terence Hill,http://www.wikidata.org/entity/Q1255585,Ruf der Wälder,1965-01-01T00:00:00Z
http://www.wikidata.org/entity/Q243430,Terence Hill,http://www.wikidata.org/entity/Q1351744,Die Bergpolizei – Ganz nah am Himmel,2011-01-01T00:00:00Z
http://www.wikidata.org/entity/Q243430,Terence Hill,http://www.wikidata.org/entity/Q1420968,Allein gegen das Gesetz,1972-04-07T00:00:00Z
http://www.wikidata.org/entity/Q243430,Terence Hill,http://www.wikidata.org/entity/Q1423362,McCabe & Mrs. Miller,1971-01-01T00:00:00Z
http://www.wikidata.org/entity/Q243430,Terence Hill,http://www.wikidata.org/entity/Q1497343,Schüsse im 3/4 Takt,1965-01-01T00:00:00Z
http://www.wikidata.org/entity/Q243430,Terence Hill,http://www.wikidata.org/entity/Q1576167,Hannibal,1959-12-21T00:00:00Z
http://www.wikidata.org/entity/Q243430,Terence Hill,http://www.wikidata.org/entity/Q1788153,Kreuz und Schwert,1958-01-01T00:00:00Z
http://www.wikidata.org/entity/Q243430,Terence Hill,http://www.wikidata.org/entity/Q2527933,Virtual Weapon,1997-01-01T00:00:00Z
http://www.wikidata.org/entity/Q243430,Terence Hill,http://www.wikidata.org/entity/Q2940586,Karthago in Flammen,1959-01-01T00:00:00Z
http://www.wikidata.org/entity/Q243430,Terence Hill,http://www.wikidata.org/entity/Q3108858,Die Verirrten,1955-01-01T00:00:00Z
http://www.wikidata.org/entity/Q243430,Terence Hill,http://www.wikidata.org/entity/Q3203227,Q3203227,1960-01-01T00:00:00Z
http://www.wikidata.org/entity/Q243430,Terence Hill,http://www.wikidata.org/entity/Q3213477,Wandel des Herzens,1955-01-01T00:00:00Z
http://www.wikidata.org/entity/Q243430,Terence Hill,http://www.wikidata.org/entity/Q3223684,Q3223684,1963-01-01T00:00:00Z
http://www.wikidata.org/entity/Q243430,Terence Hill,http://www.wikidata.org/entity/Q3224443,Q3224443,1959-01-01T00:00:00Z
http://www.wikidata.org/entity/Q243430,Terence Hill,http://www.wikidata.org/entity/Q3282673,Q3282673,1953-01-01T00:00:00Z
http://www.wikidata.org/entity/Q243430,Terence Hill,http://www.wikidata.org/entity/Q3283372,Pirat der sieben Meere,1962-01-01T00:00:00Z
http://www.wikidata.org/entity/Q243430,Terence Hill,http://www.wikidata.org/entity/Q3547086,Anna von Brooklyn,1958-01-01T00:00:00Z
http://www.wikidata.org/entity/Q243430,Terence Hill,http://www.wikidata.org/entity/Q3664985,Q3664985,1959-01-01T00:00:00Z
http://www.wikidata.org/entity/Q243430,Terence Hill,http://www.wikidata.org/entity/Q3712040,El Alamein,1954-01-01T00:00:00Z
http://www.wikidata.org/entity/Q243430,Terence Hill,http://www.wikidata.org/entity/Q3778078,Q3778078,1956-01-01T00:00:00Z
http://www.wikidata.org/entity/Q243430,Terence Hill,http://www.wikidata.org/entity/Q3791384,Q3791384,1956-01-01T00:00:00Z
http://www.wikidata.org/entity/Q243430,Terence Hill,http://www.wikidata.org/entity/Q3801189,"Io non protesto, io amo",1967-01-01T00:00:00Z
http://www.wikidata.org/entity/Q243430,Terence Hill,http://www.wikidata.org/entity/Q3811039,Q3811039,1959-01-01T00:00:00Z
http://www.wikidata.org/entity/Q243430,Terence Hill,http://www.wikidata.org/entity/Q3822300,Die Helden der Kompanie,1967-01-01T00:00:00Z
http://www.wikidata.org/entity/Q243430,Terence Hill,http://www.wikidata.org/entity/Q3822655,Die große blaue Straße,1957-01-01T00:00:00Z
http://www.wikidata.org/entity/Q243430,Terence Hill,http://www.wikidata.org/entity/Q3828227,Q3828227,1957-01-01T00:00:00Z
http://www.wikidata.org/entity/Q243430,Terence Hill,http://www.wikidata.org/entity/Q3844156,Q3844156,1956-01-01T00:00:00Z
http://www.wikidata.org/entity/Q243430,Terence Hill,http://www.wikidata.org/entity/Q3921867,Junge Leute von heute,1959-01-01T00:00:00Z
http://www.wikidata.org/entity/Q243430,Terence Hill,http://www.wikidata.org/entity/Q3998121,Tre giorni d’anarchia,2004-01-01T00:00:00Z
http://www.wikidata.org/entity/Q243430,Terence Hill,http://www.wikidata.org/entity/Q4003928,Q4003928,1960-01-01T00:00:00Z
http://www.wikidata.org/entity/Q243430,Terence Hill,http://www.wikidata.org/entity/Q4004077,"Un sorriso, uno schiaffo, un bacio in bocca",1976-01-01T00:00:00Z
http://www.wikidata.org/entity/Q243430,Terence Hill,http://www.wikidata.org/entity/Q4011833,Römischer Reigen,1953-01-01T00:00:00Z
http://www.wikidata.org/entity/Q243430,Terence Hill,http://www.wikidata.org/entity/Q7158603,Q7158603,1961-01-01T00:00:00Z
http://www.wikidata.org/entity/Q243430,Terence Hill,http://www.wikidata.org/entity/Q7939569,Männer ohne Tränen,1953-01-01T00:00:00Z
http://www.wikidata.org/entity/Q243430,Terence Hill,http://www.wikidata.org/entity/Q15857347,Doc West – Nobody schlägt zurück,2009-01-01T00:00:00Z
http://www.wikidata.org/entity/Q243430,Terence Hill,http://www.wikidata.org/entity/Q20004776,Erste Liebe,1953-01-01T00:00:00Z
http://www.wikidata.org/entity/Q243430,Terence Hill,http://www.wikidata.org/entity/Q28064472,Org,1979-01-01T00:00:00Z
http://www.wikidata.org/entity/Q243430,Terence Hill,http://www.wikidata.org/entity/Q30889321,Mein Name ist Somebody,2018-01-01T00:00:00Z
http://www.wikidata.org/entity/Q243430,Terence Hill,http://www.wikidata.org/entity/Q32999881,Sie nannten ihn Spencer,2017-06-23T00:00:00Z
