[{"name":"Grazioli","address":"Piazza Grazioli - Lavis","id":"Grazioli - Lavis","bikes":3,"slots":7,"totalSlots":10,"position":[46.139732902099794,11.111516155225331]},{"name":"Pressano","address":"Piazza della Croce - Pressano","id":"Pressano - Lavis","bikes":2,"slots":5,"totalSlots":7,"position":[46.15368174037716,11.106601229430453]},{"name":"Stazione RFI","address":"Via Stazione - Lavis","id":"Stazione RFI - Lavis","bikes":4,"slots":6,"totalSlots":10,"position":[46.148180371138814,11.096753997622727]}]