Frazione/Località,Numero,Insegna,Indirizzo,Note,Comune,Cap,Civico,Categorie
Piscine di Sover,1,BAZZANELLA RENATA,Via del Lagorai,"generi misti, bar - ristorante",Sover,38068,30,"['BAR', 'RISTORANTE']"
,2,CONFEZIONI MONTIBELLER S.R.L.,Corso Ausugum,esercizio commerciale,Borgo Valsugana,38051,48,[]
,3,FOTOGRAFICA TRINTINAGLIA UMBERTO S.N.C.,Largo Dordi,"esercizio commerciale, attività artigianale",Borgo Valsugana,38051,8,[]
Serafini,4,BAR SERAFINI DI MINATI RENZO,,esercizio commerciale,Grigno,38055,24,['BAR']
,6,SEMBENINI GINO & FIGLI S.R.L.,Via S. Francesco,,Riva del Garda,38066,35,[]
Nave San Felice,7,HOTEL RISTORANTE PIZZERIA “ALLA NAVE”,Via Nazionale,,Lavis,38015,29,"['RISTORANTE', 'HOTEL', 'PIZZERIA']"
,8,OBRELLI GIOIELLERIA DAL 1929 S.R.L.,Via Roma,,Lavis,38015,33,[]
,9,MACELLERIE TROIER S.A.S. DI TROIER DARIO E C.,Via Roma,,Lavis,38015,13,[]
,10,NARDELLI TIZIANO,Piazza Manci,esercizio commerciale,Lavis,38015,5,[]
,11,PASTICCERIA SILVANO DI ANDREOLLI SILVANO& C.,Via Matteotti,,Lavis,38015,37,[]
,13,LONA S.N.C. DI LONA ROBERTO & C.,Piazza Manci,esercizio commerciale,Lavis,38015,1,[]
,14,GADOTTI CALZATURE DI GADOTTI MARCO,Via Matteotti,,Lavis,38015,59,['CALZATURE']
,15,BAR LEON D’ORO DI DELLAI LORENA,Piazza Cesare Battisti,,Lavis,38015,4,['BAR']
,16,TURCO CALZATURE DI TURCO CORRADO,Via Filzi,,Lavis,38015,1,['CALZATURE']
,17,FARMACIA ROMANI DOTT. ALBERTO ERRIGO & C. S.N.C.,Via Filzi,,Lavis,38015,1,['FARMACIA']
Pressano,18,FAMIGLIA COOPERATIVA MEZZOLOMBARDO E PRESSANO SOC. COOP.,Piazza Giovanni della Croce,,Lavis,38015,,['BAR']
,19,CONFEZIONI DANTI DI PELKAN WILMA & C. S.A.S.,Viale San Francesco,,Riva del Garda,38066,22,[]
,20,DELUGAN GUIDO E GINO S.N.C.,Via Pennella,attività artigianale,Pergine Valsugana,38057,32,[]
,21,FRUTTA E VERDURA SPRINGHETTI GILBERTO,Piazza Prati,,Cavareno,38011,27,[]
,22,LARCHER SPORT,Via Moscabio,,Cavareno,38011,2,['SPORT']
,23,BAR GELATERIA EREDI CAVALLAR DOMENICO,Piazza Prati,,Cavareno,38011,21,['BAR']
,24,EDICOLA TABACCHI GENETTI ANNAMARIA,Via Roma,,Cavareno,38011,43,['TABACCHI']
,25,MERCERIE CATTARINI TIZIANA,Piazza Prati,,Cavareno,38011,12,[]
,26,ZANI FABIO S.A.S. FERRAMENTA,Via Roma,,Cavareno,38011,49,['FERRAMENTA']
,27,LATTERIA SOCIALE CAVARENO,Via Moscabio,,Cavareno,38011,19,[]
,28,RISTORANTE AL VOLT DI LABRIOLA MICHELANGELO,Piazza Municipio,,Pergine Valsugana,38057,10,['RISTORANTE']
,29,RISTORANTE PIZZERIA NUOVO CORONA DI PALMIERI TOMMASO,Piazza Manci,,Lavis,38015,2,"['RISTORANTE', 'PIZZERIA']"
,30,BAR ALBERGO CORONA S.N.C. DI PRONER RICCARDA & C.,Piazza Manci,,Lavis,38015,6,"['BAR', 'ALBERGO']"
,31,SARTORI GIUSEPPE & C. S.N.C. ,Via Clementi,esercizio commerciale,Lavis,38015,47,[]
,33,TORREFAZIONE CAFFE’ BONTADI,Vicolo del Messaggero,,Rovereto,38068,10,[]
,34,COLORIFICIO LUCIANO CARESIA DI DANIELA CARESIA,Via Tartarotti,,Rovereto,38068, 50/A,[]
,35,FARMACIA COBELLI,Via Mazzini,,Rovereto,38068,10,['FARMACIA']
,36,BAR MANIFATTURA,Piazza Manifattura,,Rovereto,38068, 5/6,['BAR']
,37,BAR DUE COLONNE,Piazza del Podestà,,Rovereto,38068,9,['BAR']
,39,"PANIFICIO COLLER S.N.C. DI COLLER CLAUDIO, ANDREA & C.",Largo S. Floriano,,Rovereto,38068,5,['PANIFICIO']
,40,CAPPELLERIA BACCA,Via Rialto,,Rovereto,38068,39,[]
,41,BAR-TRATTORIA BELLAVISTA,Via Paganini,,Rovereto,38068,17,['BAR']
,42,DROGHERIA MICHELI,Via Mercerie,,Rovereto,38068, 16/18,[]
,43,LAZZERI,Via Rialto,esercizio commerciale,Rovereto,38068,32,[]
,44,LOCOS BAR,Via Valbusa Grande,,Rovereto,38068,7,['BAR']
,45,FARMACIA S. MARCO,Piazza Erbe,,Rovereto,38068,17,['FARMACIA']
,46,B. SALVETTI FABBRICA OMBRELLI MERCERIE E MANIFATTURE,Piazza C. Battisti,,Rovereto,38068,32,[]
,47,MANIFATTURE ZOCCHE LUIGI,Via Roma,,Rovereto,38068,47,[]
,48,RISTORANTE BAR ALBERGO SERRAIA,Viale della Serraia,ristorante bar,Baselga di Piné,38042,3,"['BAR', 'RISTORANTE', 'ALBERGO']"
,49,BAR TAVOLA CALDA PIZZERIA ALPINO,Corso Roma,,Baselga di Piné,38042,3,"['BAR', 'PIZZERIA']"
,50,RISTORANTE BAR ALBERGO VILLA ANITA,Via del Fosch,ristorante bar,Baselga di Piné,38042,21,"['BAR', 'RISTORANTE', 'ALBERGO']"
Montagnaga,51,RISTORANTE BAR CA’ DEI BOCI,Via Domenica Targa,ristorante bar,Baselga di Piné,38042,1,"['BAR', 'RISTORANTE']"
Montagnaga,52,HOTEL BELVEDERE WELLNESS & FAMILY,Via Domenica Targa,ristorante bar,Baselga di Piné,38042,1,"['BAR', 'RISTORANTE', 'HOTEL']"
,53,BAR PASTI VELOCI GELATERIA PASTICCERIA PINETANA,Corso Roma,,Baselga di Piné,38042,61,['BAR']
,54,SEGHERIA E LEGNAMI DI SIGHEL RENZO,Via Marconi,,Baselga di Piné,38042,11,[]
,55,MACELLERIA SIGHEL SRL,Via Cesare Battisti,,Baselga di Piné,38042,49,['MACELLERIA']
Montagnaga,56,"FAMIGLIA COOPERATIVA ALTOPIANO DI PINE’ SCARL, PUNTO VENDITA",Via 4 Novembre,,Baselga di Piné,38042,24,[]
,57,"FAMIGLIA COOPERATIVA ALTOPIANO DI PINE’ SCARL, PUNTO VENDITA",Via Roma,,Baselga di Piné,38042,9,[]
Miola,58,"FAMIGLIA COOPERATIVA ALTOPIANO DI PINE’ SCARL, PUNTO VENDITA",Via della Chiesa,,Baselga di Piné,38042, 6/3,[]
Faida,59,"FAMIGLIA COOPERATIVA ALTOPIANO DI PINE’ SCARL, PUNTO VENDITA",Via dei Piani,,Baselga di Piné,38042,54,[]
,60,FARMACIA MORELLI S.N.C. DI MORELLI DOTT. GIUSEPPE & C.,Via Cesare Battisti,,Baselga di Piné,38042,93,['FARMACIA']
,61,ORTOFRUTTA - GRAPPOTECA DI ZANEI GIUSEPPE & C. S.N.C.,Via Cesare Battisti,,Baselga di Piné,38042,86,[]
Montagnaga,62,CALZATURE CARLIN,Via Pergine,,Baselga di Piné,38042,14,['CALZATURE']
,63,RIVENDITA TABACCHI N. 5 DI BROSEGHINI CATERINA,Via Cesare Battisti,,Baselga di Piné,38042,121,['TABACCHI']
,64,OTTICI DEFLORIAN MARANGONI DI MARANGONI DONATELLA,Corso Roma,,Baselga di Piné,38042,84,[]
,65,BAZAR IORIATTI LINO & C. S.N.C.,Corso Roma,,Baselga di Piné,38042,2,['BAZAR']
Rizzolaga / Campolongo,66,MINIMERCATO DALSANT GIUSEPPINA & C. SAS,,,Baselga di Piné,38042,96,[]
,67,PANIFICIO ANESI DI ANESI ALESSANDRO,Corso Roma,,Baselga di Piné,38042,77,['PANIFICIO']
,68,MACELLERIA FRANCESCHI ANDREA E C. SNC,Corso Roma,,Baselga di Piné,38042,34,['MACELLERIA']
,69,ORTOFRUTTA ALIMENTARI RAVANELLI RENZO,Corso Roma,,Baselga di Piné,38042,47,['ALIMENTARI']
,70,COLTELLERIA S. MARCO F.LLI VALENTINI SNC,Piazzetta Agostiniani,,Trento,38122,1,[]
,71,ANTICA TRATTORIA AL VOLT DI DANIELA CARESIA,Via Santa Croce,,Trento,38122,16,[]
,72,NATURERBE S.N.C.,Piazza Fiera,esercizio commerciale,Trento,38122,7,[]
,73,LA CANTINOTA RISTORANTE,Via San Marco,,Trento,38122,22,['RISTORANTE']
Passo Coe,74,OSTERIA COE DI PLOTEGHER CHRITIAN,Via Caduti Malga Zonta,,Folgaria,38064,7,[]
,75,JOHN CLUB SAS DI SCHÖNSBERG GIOVANNI & C.,Via E. Colpi,bar,Folgaria,38064,52,['BAR']
Serrada,76,RISTORANTE BAR HOTEL MARTINELLA DI PLOTEGHER STEFANO,Via Martinella,,Folgaria,38064,53,"['BAR', 'RISTORANTE', 'HOTEL']"
,77,RISTORANTE BAR ALBERGO TOMASI DI TOMASI MASSIMILIANO,Via E. Colpi,,Folgaria,38064,108,"['BAR', 'RISTORANTE', 'ALBERGO']"
,78,CASALINGHI MARTINO S.A.S. DI PERGHER GELMI BRUNA E FIGLI,Via E. Colpi,,Folgaria,38064,131,[]
,79,RISTORANTE ALBERGO MILANO DI CAPPELLETTI PAOLA,Via L. Cadorna,,Folgaria,38064,27,"['RISTORANTE', 'ALBERGO']"
,80,BAR PASTICCERIA DALSASS DI CUEL SILVANA & C. SNC,Via E. Colpi,,Folgaria,38064,61,['BAR']
Serrada,81,BAR CENTRALE DI CANALIA LUISA,Via Pasubio,,Folgaria,38064,26,['BAR']
,82,PIZZERIA SCOIATTOLO CENTER SERVICE DI COROTTI GIANDARLO & C. SAS,Via E. Colpi,,Folgaria,38064,233,['PIZZERIA']
,83,ORTOFRUTTA GASPEROTTI FULVIO,Via E. Colpi,,Folgaria,38064,127,[]
,84,ORTOFRUTTA VENERI PAOLO,Via Roma,,Folgaria,38064,85,[]
,85,MINIMARKET TARGHER S.A.S. DI TARGHER MAURO & C.,Via E. Colpi,,Folgaria,38064,9,[]
Costa,86,PANIFICIO BARBETTI GUIDO DI BARBETTI BRUNO & C. S.N.C.,Via Nazioni Unite,,Folgaria,38064,40,"['BAR', 'PANIFICIO']"
,87,RISTORANTE HOTEL ALPINO S.R.L.,Via E. Colpi,,Folgaria,38064,170,"['RISTORANTE', 'HOTEL']"
,88,RISTORANTE LOCANDA DA UGO DI LEITEMPERGHER ETTORE,Via E. Colpi,,Folgaria,38064,343,['RISTORANTE']
Carbonare,89,BAZAR TABACCHI PEROTTO LUCIA ASSUNTA,Via G. Carducci,,Folgaria,38064,45,"['TABACCHI', 'BAZAR']"
,90,FOTO OTTICA PLOTEGHER ALCIDE,Via E. Colpi,,Folgaria,38064,143,[]
Carbonare,91,MINIMARKET SCALZERI GIANNA,Via A. Manzoni,,Folgaria,38064,14,[]
,92,ANTICA MACELLERIA E SALUMERIA CAPPELLETTI DI CAPPELLETTI ANDREA,Via E. Colpi,,Folgaria,38064,1,['MACELLERIA']
,93,NEGOZIO MARIAROSA DI FESTI GIUSTINO,Via E. Colpi,,Folgaria,38064,21,[]
,94,MACELLERIA CANALIA MAURO,Via E. Colpi,,Folgaria,38064,171,['MACELLERIA']
Fondo Grande,95,BAR RISTORANTE CONCA D’ORO DI GEROLA FIORENZO,,,Folgaria,38064,160,"['BAR', 'RISTORANTE']"
San Sebastiano,96,RISTORANTE BAR ALBERGO AL SOLE DI ALICE E MARIANNA DALPRA’ SNC,Via L. Nazionale,,Folgaria,38064,49,"['BAR', 'RISTORANTE', 'ALBERGO']"
,97,EDICOLA RIVENDITA TABACCHI N° 3 DI WEGHER PAOLO,Via Roma,,Folgaria,38064, 71/73,['TABACCHI']
,98,MILLE COSE SNC DI PLOTEGHER MAURO E MICHELA & C.,Via E. Colpi,,Folgaria,38064,135,[]
,99,SPECIALITA’ ALIMENTARI DI PAOLO E GIANNI ALIMENTARI FINAROLLI DI GILBERTI PAOLO & C. S.N.C.,Via Mercerie,,Rovereto,38068, 7-9,['ALIMENTARI']
,100,LUIGI ALDRIGHETTONI DI ALDRIGHETTONI GIOVANNI BATTISTA,Via Paoli,esercizio commerciale,Rovereto,38048, 18/B,[]
,101,RISTORANTE  BAR BENACO di NODARI GIOVANNI & C. S.A.S.,Via Benaco,,Torbole sul Garda,38033,35,"['BAR', 'RISTORANTE']"
,102,CAFFE’ ALEXANDER BERNARDI GIORGIO & C. SNC,Piazza Municipio,,Pergine Valsugana,38057,4,[]
,103,OCHNER LUIGI,Piazza Municipio,esercizio commerciale,Pergine Valsugana,38057,20,[]
,104,BAR AL PONTE di TARGA MATTEO,Via Al Ponte,,Pergine Valsugana,38057,4,['BAR']
Gionghi,106,PANIFICIO BERTOLDI S.N.C. DI BERTOLDI FABIO & C.,,,Lavarone,38046,105,['PANIFICIO']
,107,CERVO S.N.C. DI MARCHESI CARLO & F.LLI,Piazza Milano,ristorante bar,Lavarone,38046,2,"['BAR', 'RISTORANTE']"
Gionghi,108,PICCOLO BAZAR DI GIONGO MARIO,,,Lavarone,38046,96,['BAZAR']
,109,STENGHELE FRATELLI S.N.C. DI STENGHELE FRANCESCO GINO & C.,Via Trieste,esercizio commerciale,Lavarone,38046,18,[]
,110,RISTORANTE BAR HOTEL DU LAC DI GABRIELLI ANDREA & C. S.A.S.,Via Trieste,,Lavarone,38046,32,"['BAR', 'RISTORANTE', 'HOTEL']"
Bertoldi,111,FAMIGLIA COOPERATIVA LAVARONE S.C.A.R.L.,,,Lavarone,38046,5,[]
,113,DALSASSO EUGENIO,Via Piave,esercizio commerciale,Pergine Valsugana,38057,6,[]
,114,A.B. INTIMO DI BRUNELLI SILVANA E EVANGELISTI LUIGINO S.N.C.,Via Chimelli,,Pergine Valsugana,38057,18,[]
,115,LA ROTONDA DI BETTI MARCO & C. S.N.C.,Viale Venezia,ristorante,Pergine Valsugana,38057,37,['RISTORANTE']
,116,GIOIELLERIA ANDREATTA SAS DI ANDREATTA ALESSANDRO & C.,Corso Roma,,Baselga di Piné,38042,72,[]
,117,FARMACIA DE BATTAGLIA,Piazza Pasi,,Trento,38122,20,['FARMACIA']
,119,MOSER CICLI,Via Calepina,,Trento,38122,63,[]
,120,FOTO CINE LA ROTONDA,Via San Vigilio,,Trento,38122,7,[]
,121,FARMACIA DOTT. SANTONI,Piazza Filzi,,Rovereto,38068,21,['FARMACIA']
,122,OREFICERIA FRANCO GOTTARDI,Viale Dante,,Tione di Trento,38079,50,[]
Bertoldi,123,BAR BELEM DI BERTOLDI FRANCA,,,Lavarone,38046,57,['BAR']
 Cappella,124,BAR ALBERGO NAZIONALE DI PACE ENLI & C. SNC,Piazza Milano,bar,Lavarone,38046,6,"['BAR', 'ALBERGO']"
 Cappella,125,TABACCHI PACE ENLI,Piazza Milano,,Lavarone,38046,6,['TABACCHI']
 Cappella,126,CASEIFICIO DEGLI ALTIPIANI E DEL VEZZENA S.C.A.,Via Marconi,,Lavarone,38046,5,[]
,127,FOTO EMANUELLI,Via S. Bernardino,,Arco,38062,2,[]
,128,BAZAR DEL POPOLO,Via Vergolano,,Arco,38062,16,['BAZAR']
,130,MANIFATTURE LOMBARDE,Via Segantini,,Arco,38062,78,['BAR']
,131,CALZATURE GIULIANI,Via Segantini,,Arco,38062,105,['CALZATURE']
,132,ALIMENTARI TRENTI,Via S. Bernardino,,Arco,38062,9,['ALIMENTARI']
,133,ZAMBONI TESSUTI,Piazza 3 Novembre,,Arco,38062,6,[]
,134,RISTORANTE HOTEL MARCHI,Via Ferrera,,Arco,38062,22,"['RISTORANTE', 'HOTEL']"
,135,RISTORANTE ALLA LEGA,Via Vergolano,,Arco,38062,8,['RISTORANTE']
,136,RISTORANTE BELVEDERE,Via Serafini,,Arco,38062,2,['RISTORANTE']
,137,PANIFICIO PULIN SAS,Via Cavour,,Trento,38122,23,['PANIFICIO']
,138,ANTICA MACELLERIA BALLARDINI,Via del Foro,,Tione di Trento,38079,14,['MACELLERIA']
,139,CARTOLIBRERIA B. ANTOLINI,Viale Dante,,Tione di Trento,38079,5,[]
,140,DI FLORIO MARIA TERESA,Via del Moleta,esercizio commerciale,Cinte Tesino,38050,8,[]
 Valle San Felice,141,FAMIGLIA COOEPRATIVA VALLE SAN FELICE,Piazza San Felice,,Mori,38065,12,[]
,142,ABBIGLIAMENTO MAGANOTTI MARIA GRAZIA,Piazza Cal Di Ponte,,Mori,38065,15,[]
 Loppio,143,TRATTORIA - BAR AL LAGO,Via del Garda,,Mori,38065,1,['BAR']
,144,FABBRICA RETI E MATERIASSI MENEGHELLI,Largo Villanuova,,Mori,38065,32,[]
,145,LA BOTTEGA DI GARUFFO LIA,Via Modena,,Mori,38065,51,[]
,146,VINERIA – BAR BAROLDI,Via Modena,,Mori,38065,35,['BAR']
,147,BAR SANI,Piazza Cal Di Ponte,,Mori,38065,16,['BAR']
,148,FORGIATURA MARCHIORI,Via Monte Baldo,,Mori,38065, 6/A,[]
,149,FERRAMENTA MALFATTI,Piazza Cal Di Ponte,,Mori,38065,4,['FERRAMENTA']
,150,OFFICINA BOMBARDELLI,Via Matteotti,,Mori,38065,96,['BAR']
,151,EDICOLA CARTOLERIA PERINI,Piazza Cal Di Ponte,,Mori,38065,28,[]
,152,ALIMENTARI MIORELLI,Via Modena,,Mori,38065,2,['ALIMENTARI']
,153,CAFFE’ DEL GELSO,Via Garibaldi,,Mori,38065,3,[]
,154,MACELLERIA TRANQUILLINI,Via Modena,,Mori,38065,1,['MACELLERIA']
,155,FARMACIA S. STEFANO,Via Malfatti,,Mori,38065,6,['FARMACIA']
,156,SUPERMARKET ZENI,Via Don  Sturzo,,Mori,38065,6,[]
,157,LAVANDERIA LA RINNOVA,Via Modena,,Mori,38065,65,[]
,158,PANIFICIO SARTORI,Piazza Cal Di Ponte,,Mori,38065,32,['PANIFICIO']
 Bezzecca,159,BAR RISTORANTE ALBERGO ALLA COSTA,Piazza Concei,,Ledro,38067,3,"['BAR', 'RISTORANTE', 'ALBERGO']"
 Tiarno di Sotto,160,BAR RISTORANTE ALBERGO ALLA PERLA,Via Garibaldi,,Ledro,38067,63,"['BAR', 'RISTORANTE', 'ALBERGO']"
 Pieve di Ledro,161,BAR RISTORANTE ALBERGO ALPINO,Via Cassoni,,Ledro,38067,16,"['BAR', 'RISTORANTE', 'ALBERGO']"
 Tiarno di Sopra,162,BAR RISTORANTE ALBERGO CASAVECCHIA,Via G. Marconi,,Ledro,38067, 11/A,"['BAR', 'RISTORANTE', 'ALBERGO']"
 Bezzecca,163,BAR RISTORANTE ALBERGO MAGGIORINA,Via XXIV Ottobre,,Ledro,38067,9,"['BAR', 'RISTORANTE', 'ALBERGO']"
 Tiarno di Sopra,164,BAR RISTORANTE ALBERGO VITTORIA,Piazza Milin,,Ledro,38067,1,"['BAR', 'RISTORANTE', 'ALBERGO']"
 Tiarno di Sopra,165,BAR POSTA,Via G. Marconi,,Ledro,38067,93,['BAR']
Bezzecca,166,CAFFÈ BAR CENTRALE,Piazza Garibaldi,,Ledro,38067,7,['BAR']
 Pieve di Ledro,167,BAR RISTORANTE PIZZERIA CAMPEGGIO AL LAGO,Via Alzer,,Ledro,38067,7,"['BAR', 'RISTORANTE', 'PIZZERIA']"
Molina di Ledro,168,CASARI FERRAMENTA,Via Maffei,,Ledro,38067,3,['FERRAMENTA']
Molina di Ledro,169,OFFICINA MECCANICA DISTRIBUTORE MAZZOLA,Via Maffei,,Ledro,38067,77,[]
 Pieve di Ledro,170,OFFICINA MECCANICA DISTRIBUTORE PELLEGRINI,Via Nuova,,Ledro,38067,8,[]
 Lenzumo,171,BAR RISTORANTE ECO AMBIENTI HOTEL ELDA,Via III Giugno,,Ledro,38067,3,"['BAR', 'RISTORANTE', 'HOTEL']"
 Pieve di Ledro,172,FARMACIA FOLETTO,Via Vittoria,,Ledro,38067,11,['FARMACIA']
 Lenzumo,173,BAR RISTORANTE HOTEL CADRIA,Via Unità d’Italia,,Ledro,38067,25,"['BAR', 'RISTORANTE', 'HOTEL']"
 Pieve di Ledro,174,BAR RISTORANTE HOTEL LIDO,Via Pribram,,Ledro,38067,1,"['BAR', 'RISTORANTE', 'HOTEL']"
 Mezzolago,175,BAR RISTORANTE HOTEL MEZZOLAGO,Via Lungolago,,Ledro,38067, 4/6,"['BAR', 'RISTORANTE', 'HOTEL']"
 Pieve di Ledro,176,LA BOTTEGA DELL’ARTIGIANO,Via Vittoria,,Ledro,38067,22,[]
Bezzecca,177,MACELLERIA CIS MASSIMO,Via XXI Luglio,,Ledro,38067,8,['MACELLERIA']
Bezzecca,178,MACELLERIA ZECCHINI,Piazza Obbedisco,,Ledro,38067,13,['MACELLERIA']
 Pieve di Ledro,179,OSTERIA LA TORRE,Via Vittoria,,Ledro,38067,28,[]
Bezzecca,180,PANIFICIO F.LLI TOMASONI S.A.S.,Via C. Battisti,,Ledro,38067,5,['PANIFICIO']
 Concei,181,RIFUGIO AL FAGGIO,Località al Faggio,rifugio escursionistico,Ledro,38067,,[]
 Tiarno di Sopra,182,RIBAGA SELF SERVICE,Via Vittorio Emanuele,,Ledro,38067,65,[]
,183,BAR RISTORANTE FALORIA,Piaz De Sotegrava,,Moena,38035,17,"['BAR', 'RISTORANTE']"
,184,CASABELLA IDEE REGALO,Cort Del Batesta,,Moena,38035,10,[]
,185,ARTICOLI DA REGALO LIBRERIA CROCE MARIA CRISTINA,Piaz De Ramon,,Moena,38035,1,[]
,186,EN SLUCK,Strada Cerilo Dellantonio Bora,esercizio commerciale,Moena,38035,4,[]
,187,FARMACIA DOTT. RIGONI,Strada Cerilo Dellantonio Bora,,Moena,38035,2,['FARMACIA']
,188,BAR HOTEL CAVALLETTO,Strada De Fachin,,Moena,38035,1,"['BAR', 'HOTEL']"
,189,BAR HOTEL MARIA,Strada De Sen Pelegrin,,Moena,38035,1,"['BAR', 'HOTEL']"
,190,IELLICI SPORT CALZATURE,Piaz De Ramon,,Moena,38035,62,"['CALZATURE', 'SPORT']"
,191,MODE SPORT,Piaz De Ramon,,Moena,38035,48,['SPORT']
,192,BAR HOTEL MANZONI,Sen Pelegrin,,Moena,38035,14,"['BAR', 'HOTEL']"
,193,BAR RISTORANTE LO SFIZIO,Piaz De Ramon,,Moena,38035,32,"['BAR', 'RISTORANTE']"
,194,BAR SPORTHOTEL SAN VIGILIO,L Vial,,Moena,38035,23,"['BAR', 'HOTEL', 'SPORT']"
,195,CALZATURE ZANONER,Strada Ermanno Zanoner – Canori,,Moena,38035,8,['CALZATURE']
,196,ALIMENTARI MANINFIOR ANITA,Via C. A. Martini,,Revò,38028,51,['ALIMENTARI']
,197,ALIMENTARI SANDRI,Via C. A. Martini,,Revò,38028,2,['ALIMENTARI']
 Tregiovo,198,ALIMENTARI WEGHER GIOVANNA,Piazza S. Maurizio,,Revò,38028,,['ALIMENTARI']
,199,BAR ZILLER,Via C. A. Martini,,Revò,38028,19,['BAR']
,200,CALZATURIFICIO ROSSI LUIGI DI ROSSI DIEGO,Via C. A. Martini,,Revò,38028,53,[]
,201,CASEIFICIO SOCIALE MONTE OZOLO,Via Dei Maurini Bassi,,Revò,38028,2,[]
,202,CONFEZIONI ZILLER,Via C. A. Martini,,Revò,38028,7,[]
,203,ELETTROMARTINI,Piazza della Madonna Pellegrina,,Revò,38028,8,[]
,204,FABBRO GENTILINI MAURIZIO,Via C. A. Martini,,Revò,38028,45,[]
,205,FARMACIA SILVESTRI LUCIANA,Via J. A. Maffei,,Revò,38028,4,['FARMACIA']
,206,FERRAMENTA FERRARI GIULIANO,Via C. A. Martini,,Revò,38028,13,['FERRAMENTA']
,207,SALUMIFICIO ARTIGIANALE FLAIM,Via C. A. Martini,,Revò,38028,9,[]
,208,BAR RISTORANTE HOTEL REVÒ,Via G. Verdi,,Revò,38028,13,"['BAR', 'RISTORANTE', 'HOTEL']"
 Bellamonte,209,ARTICOLI SPORTIVI DI VARESCO MARIO & C. SNC,Via Prai de Mont,,Predazzo,38037,10,['SPORT']
,210,FOTO BONINSEGNA,Via Trento,,Predazzo,38037,27,[]
,211,CASALINGHI MORANDINI,Via Trento,,Predazzo,38037,32,[]
,212,CEMIN SPORT,Piazza SS. Filippo e Giacomo,,Predazzo,38037,9,['SPORT']
,213,EL MAMA FERRAMENTA,Via Garibaldi,,Predazzo,38037,1,['FERRAMENTA']
,214,SUPERMERCATO FAMIGLIA COOPERATIVA,Via C. Battisti,,Predazzo,38037,21,[]
,215,CALZATURE GARDENER,Via Roma,,Predazzo,38037,26,['CALZATURE']
,217,MACELLERIA DELLANTONIO,Via C. Battisti,,Predazzo,38037,2,['MACELLERIA']
,218,OREFICERIA TONINI,Via C. Battisti,,Predazzo,38037,15,[]
,219,CALZATURE SEBER SANDRA,Piazza SS. Filippo e Giacomo,,Predazzo,38037,5,['CALZATURE']
 Bellamonte,220,BAR RISTORANTE ALBERGO ANTICO,Via Prai de Mont,,Predazzo,38037,19,"['BAR', 'RISTORANTE', 'ALBERGO']"
,221,BAR RISTORANTE ALBERGO MONTANARA,Via Indipendenza,,Predazzo,38037,110,"['BAR', 'RISTORANTE', 'ALBERGO']"
,222,BAR RISTORANTE ALBERGO ROSA,Via Garibaldi,,Predazzo,38037,30,"['BAR', 'RISTORANTE', 'ALBERGO']"
 Bellamonte,223,BAR RISTORANTE ALBERGO STELLA ALPINA,Via Prai de Mont,,Predazzo,38037,9,"['BAR', 'RISTORANTE', 'ALBERGO']"
,224,BAR RISTORANTE ALBERGO VINELLA,Via Mazzini,,Predazzo,38037,76,"['BAR', 'RISTORANTE', 'ALBERGO']"
,225,BAR RISTORANTE ALBERGO ANCORA,Via IX Novembre,,Predazzo,38037,1,"['BAR', 'RISTORANTE', 'ALBERGO']"
,226,BAR RISTORANTE ALBERGO BELLARIA,Corso Degasperi,,Predazzo,38037,20,"['BAR', 'RISTORANTE', 'ALBERGO']"
,227,BAR RISTORANTE ALBERGO TOURING,Via Trento,,Predazzo,38037,5,"['BAR', 'RISTORANTE', 'ALBERGO']"
,228,BAR CAORER,Vicolo del Caorer,,Predazzo,38037,11,['BAR']
,229,BAR EL PIRLE,Via Dante,,Predazzo,38037,32,['BAR']
,230,CAFFÈ CROCE,Via Dellagiacoma,,Predazzo,38037,5,[]
Miola,231,BAR RISTORANTE MIOLA,,,Predazzo,38037,1,"['BAR', 'RISTORANTE']"
,233,RISTORANTE BAR ALBERGO VILLA ROSA,Via San Giuseppe,,Roncegno Terme,38050,19,"['BAR', 'RISTORANTE', 'ALBERGO']"
,234,RISTORANTE PALACE HOTEL,Palace Hotel,,Roncegno Terme,38050,1,"['RISTORANTE', 'HOTEL']"
 Marter,235,BAR RISTORANTE ALBERGO ALLA STAZIONE,Via Nazionale,,Roncegno Terme,38050,20,"['BAR', 'RISTORANTE', 'ALBERGO']"
,236,MACELLERIA HOFFER ELISA,Via San Giuseppe,,Roncegno Terme,38050,2,['MACELLERIA']
,237,FAMIGLIA COOPERATIVA LAGORAI,Piazza Montebello,,Roncegno Terme,38050,9,[]
,238,MACELLERIA HOFFER FABRIZIO,Via Battaglione Basseggio,,Roncegno Terme,38050,2,['MACELLERIA']
,239,ALIMENTARI HOFFER NICOLETTA,Piazza Achille De Giovanni,,Roncegno Terme,38050,,['ALIMENTARI']
,240,RISTORANTE ALBERGO GARNÌ VITTORIA,Via San Giuseppe,,Roncegno Terme,38050,1,"['RISTORANTE', 'ALBERGO']"
,241,CASALINGHI BERTAGNOLLI FERRAMENTA,Piazza Dante,,Cavalese,38033, 8/9,['FERRAMENTA']
,242,PASTICCERIA COSE BUONE DA PAOLO,Piazza Scopoli,,Cavalese,38033,12,[]
,243,TABARELLI GIORNALI TABACCHI SOUVENIR,Piazza Verdi,,Cavalese,38033,11,"['BAR', 'TABACCHI']"
,244,VIDEO UNO,Piazza Scopoli,esercizio commerciale,Cavalese,38033,7,[]
,245,CORNICI PLASTICOLOR SELLE,Via IX Novembre,,Cavalese,38033,10,[]
,246,CARTOLIBRERIA SPAZZALI,Piazza Scopoli,,Cavalese,38033,13,[]
,247,RISTORANTE HOTEL LA STUA,Via Baldieroni,,Cavalese,38033,2,"['RISTORANTE', 'HOTEL']"
,248,RISTORANTE VECCHIA FONTANA,Piazza Venezia,,Levico Terme,38056,38,['RISTORANTE']
Vetriolo,249,BAR MASO AL VETRIOLO VECCHIO,,,Levico Terme,38056,49,['BAR']
,250,MACELLERIA DEL CENTRO,Via Garibaldi,,Levico Terme,38056,3,['MACELLERIA']
,251,FARMACIA DE PREZ,Via Dante,,Levico Terme,38056,29,['FARMACIA']
,252,BAR-ALBERGO NAZIONALE,Via Della Chiesa di Santa Giuliana,,Levico Terme,38056,,"['BAR', 'ALBERGO']"
,253,RISTORANTE-BAR-ALBERGO GARDEN,Viale Vittorio Emanuele,,Levico Terme,38056,22,"['BAR', 'RISTORANTE', 'ALBERGO']"
,254,FRIGO PRODOTTI TIPICI,Via Regia,,Levico Terme,38056,4,[]
,255,ALIMENTARI CONCI SAMUELA,Piazza Venezia,,Levico Terme,38056,13,['ALIMENTARI']
,256,RISTORANTE-BAR-ALBERGO G.H. BELLAVISTA,Viale Vittorio Emanuele,,Levico Terme,38056,,"['BAR', 'RISTORANTE', 'ALBERGO']"
,257,MOBILI ARESE,Viale Stazione,,Levico Terme,38056,,[]
,258,FIORERIA OGNIBENI IVANA,Via Garibaldi,,Levico Terme,38056,69,[]
,259,ANTICA FARMACIA ROMANESE,Via Regia,,Levico Terme,38056,12,['FARMACIA']
,260,MERCERIE VERGOT,Via Regia,,Levico Terme,38056,1,[]
,261,CASALINGHI-ELETTRODOMESTICI TADDEI GIULIANO,Via Garibaldi,,Levico Terme,38056,66,[]
,262,ORTOFRUTTA SCAPIN GIANNI,Via Cavour,,Levico Terme,38056,49,[]
,263,LANA MODA,Via Regia,,Levico Terme,38056,19,[]
,264,VIVISPORT S.N.C.,Via Regia,,Levico Terme,38056,11,['SPORT']
,265,CONCESSIONARIA BASSETTI,C.so Centrale,,Levico Terme,38056,22,[]
,266,BAR AL CONTE,Via Regia,,Levico Terme,38056,8,['BAR']
,267,BAR CAMINETTO,Via Dante,,Levico Terme,38056,22,['BAR']
,268,RISTORANTE-BAR ANTICA ROSA,Via Garibaldi,,Levico Terme,38056,,"['BAR', 'RISTORANTE']"
,269,EDICOLA PASSERINI ALBERTO,Via Guglielmo Marconi,,Levico Terme,38056,,[]
,270,BAR LINO,Via Dante,,Levico Terme,38056,8,['BAR']
,271,BAR SERENA,Via Regia,,Levico Terme,38056,21,['BAR']
,272,RISTORANTE-BAR SANDRO,Via Domenico Mons. Caproni,,Levico Terme,38056,,"['BAR', 'RISTORANTE']"
,273,DALSASSO ABBIGLIAMENTO,Via Dante,,Levico Terme,38056,34,[]
,274,GIOVANNINI LUISA,Via C. Battisti n. 19,esercizio commerciale,Pergine Valsugana,38057,,[]
,275,BAR - RISTORANTE ALBERGO AL BIVIO,Via Nazionale,,Imer,38050,169,"['BAR', 'RISTORANTE', 'ALBERGO']"
Pontet,276,RISTORANTE ALBERGO AL LAGO,,,Imer,38050,9,"['RISTORANTE', 'ALBERGO']"
,277,B. & B. LEGNO DI BETTEGA GRAZIANO & C. S.N.C.,Via Casabianca,,Imer,38050,1,[]
,278,BAR OBBER,Via Nazionale,,Imer,38050,62,['BAR']
,279,DARIO SPORT DI BETTEGA ROBERTO & C. S.A.S.,Via Nazionale,,Imer,38050,76,['SPORT']
Giare,280,FALEGNAMERIA FRATELLI BONINSEGNA SNC,,,Imer,38050,11,[]
,281,FAMIGLIA COOPERATIVA IMER,Via Nazionale,,Imer,38050,101,[]
Padergnone,282,CANTINOTA,Via Nazionale n. 15,bar - esercizio commerciale,Vallelaghi,38070,,['BAR']
,284,FERRAGLIA VITTORIO,Piazza G. Garibaldi,esercizio commerciale,Riva del Garda,38066,8,[]
,285,OTTICA ARMANI,Via Gazzoletti,,Riva del Garda,38066,23,[]
,286,FARMACIA S. CHIARA,Via S. Croce ,,Trento,38122,57,['FARMACIA']
,287,BIRRERIA PEDAVENA,Piazza Fiera,,Trento,38122,13,[]
,288,VIGILIO FRANZINELLI,Vicolo del Liceo,esercizio commerciale,Trento,38122,13,[]
,289,EL MERICAN,Via Torre Verde,ristorante,Trento,38122,50,['RISTORANTE']
,290,FOTO RENSI,Via Marchetti,,Trento,38122,28,[]
,291,OROLOGERIA M. GROPPA,Via degli Orbi,,Trento,38122,21,[]
,292,FAMIGLIA COOPERATIVA DI POVO,Piazza Manci,,Trento,38122,8,[]
,293,CALZATURE E PELLETTERIE CAPPELLO,Scala al Convento,,Borgo Valsugana,38051,5,['CALZATURE']
,294,BOTTEGA DEL COLORE,Corso Ausugum,,Borgo Valsugana,38051,43,[]
,295,VULCANO STORE,Via Spagolla,esercizio commerciale,Borgo Valsugana,38051,5,[]
,296,ARCOBALENO,Corso Ausugum,esercizio commerciale,Borgo Valsugana,38051,12,[]
,297,SEGNANA,Via Temanza,esercizio commerciale,Borgo Valsugana,38051,15,[]
,298,CAMBO,Piazza Martiri Resistenza,esercizio commerciale,Borgo Valsugana,38051,1,[]
,299,GANARIN,Via B. Venezia,esercizio commerciale,Borgo Valsugana,38051,15,[]
,300,BELLUCCO,Corso Ausugum,esercizio commerciale,Borgo Valsugana,38051, 60 - 66,[]
,301,AGOSTINI,Corso Ausugum,esercizio commerciale,Borgo Valsugana,38051,32,[]
,302,PAGNUSAT,Corso Ausugum,esercizio commerciale,Borgo Valsugana,38051,26,[]
,303,BAR CUSSO,Piazza Dante,,Borgo Valsugana,38051,17,['BAR']
,304,CAFFÈ PASTICCERIA ZITA,Piazza De Gasperi,,Borgo Valsugana,38051,15,[]
,305,BAR MILANO,Piazza Romani,,Borgo Valsugana,38051,7,['BAR']
,306,DALSASSO,Piazza Dante,esercizio commerciale,Borgo Valsugana,38051,15,[]
,307,COMUNELLO,Corso Ausugum,esercizio commerciale,Borgo Valsugana,38051,19,[]
Fiera di Primiero,308,MACELLERIA BAGGETTO,Via Giuseppe Terrabugio,,Primiero San Martino di Castrozza,38054,4,['MACELLERIA']
Fiera di Primiero,309,CALZATURE TAMANINI,Via Giuseppe Terrabugio,,Primiero San Martino di Castrozza,38054,5,['CALZATURE']
Fiera di Primiero,310,FARMACIA ALLA MADONNA,Via Guadagnini,,Primiero San Martino di Castrozza,38054,28,['FARMACIA']
Fiera di Primiero,311,BELLOTTO GIOIELLI,Salita Luigi Negrelli,,Primiero San Martino di Castrozza,38054,,[]
Fiera di Primiero,312,CANTINA CESARI,Via San Francesco,,Primiero San Martino di Castrozza,38054,,[]
Fiera di Primiero,313,ARREDAMENTI GUBERT FRANCO,Via San Francesco,,Primiero San Martino di Castrozza,38054,4,[]
Fiera di Primiero,314,PASTICCERIA GIOVANNA SIMION,Piazzetta del Dazio,,Primiero San Martino di Castrozza,38054,5,[]
Fiera di Primiero,315,SPORTING GAIO,Via Giuseppe Terrabugio,,Primiero San Martino di Castrozza,38054,40,['SPORT']
Fiera di Primiero,316,FOTO OTTICA GILLI,Via Giuseppe Garibaldi,,Primiero San Martino di Castrozza,38054,33,[]
Fiera di Primiero,317,CREPAZ FLORIO,Via San Francesco,esercizio commerciale,Primiero San Martino di Castrozza,38054,14,[]
Fiera di Primiero,318,RISTORANTE BAR ALBERGO DOLOMITI,Viale Piave,,Primiero San Martino di Castrozza,38054,9,"['BAR', 'RISTORANTE', 'ALBERGO']"
Fiera di Primiero,319,ORTOFRUTTA MELCHIORI,Via San Francesco,,Primiero San Martino di Castrozza,38054,16,[]
Fiera di Primiero,320,BAR AQUILA NERA,Piazza Cesare Battisti,,Primiero San Martino di Castrozza,38054,9,['BAR']
Fiera di Primiero,321,LAVASECCO LA RAPIDA,Piazza Cesare Battisti,,Primiero San Martino di Castrozza,38054,1,[]
Fiera di Primiero,322,GAUDENZI FRANCESCO,Via Terrabugio,esercizio commerciale,Primiero San Martino di Castrozza,38054,14,[]
Fiera di Primiero,323,TROTTER CALZATURE,Via Giuseppe Garibaldi,,Primiero San Martino di Castrozza,38054,6,['CALZATURE']
Fiera di Primiero,324,MACELLERIA GADENZ,Via Fiume,,Primiero San Martino di Castrozza,38054,18,['MACELLERIA']
Fiera di Primiero,325,GADENZ SEBASTIANO,Via Fiume,esercizio commerciale,Primiero San Martino di Castrozza,38054,3,[]
Fiera di Primiero,326,BAR TABACCHI WEISS,Piazza Luigi Negrelli,,Primiero San Martino di Castrozza,38054,3,"['BAR', 'TABACCHI']"
Susà,327,BETTY BAR,Via alla Malga,,Pergine Valsugana,38057,11,['BAR']
Ponte Arche,328,ARREDI MORELLI,Via Marconi,,Comano Terme,38077,11,[]
Ponte Arche,329,PANIFICIO ZANONI,Piazza Mercato,,Comano Terme,38077,26,['PANIFICIO']
,330,LEONARDI ANTONIO,Via S. Pietro,esercizio commerciale,Trento,38122,68,[]
,331,RISTORANTE PIZZERIA VESUVIO,Via Malvasia,,Trento,38122,103,"['RISTORANTE', 'PIZZERIA']"
,332,BERLANDA LA NASCENTE,Via Segantini,esercizio commerciale,Arco,38062,67,[]
,333,NEGRI FIORI,Via Vergolano,,Arco,38062,28,[]
,334,TORBOLI MARCO,Via Segantini,esercizio commerciale,Arco,38062,24,[]
Viarago,335,ALPINA,Via della Predolcia,pubblico esercizio esercizio commerciale,Pergine Valsugana,38057,21,[]
,336,RISTORANTE BAR HOTEL STELLA DELLE ALPI,Via Mendola,,Ronzone,38010,41,"['BAR', 'RISTORANTE', 'HOTEL']"
,337,RISTORANTE BAR HOTEL REGINA DEL BOSCO,Via Mendola,,Ronzone,38010,48,"['BAR', 'RISTORANTE', 'HOTEL']"
,338,LA BOTTEGA,Via Mendola,esercizio commerciale,Ronzone,38010,27,[]
,339,SEGHERIA IMBALLAGGI ABRAM SILVIO & C. SNC,Via Cesare Battisti,,Sarnonico,38011,2,[]
Regole,340,RISTORANTE HOTEL IL FALCHETTO,,,Sarnonico,38011,,"['RISTORANTE', 'HOTEL']"
Regole,341,BAR RISTORANTE REGOLE,,,Sarnonico,38011,,"['BAR', 'RISTORANTE']"
,342,DE LUCA FABIO FABBRO,Via Cesare Battisti,,Sarnonico,38011,8,[]
,343,BAR CENTRALE,Via Cesare Battisti,,Sarnonico,38011,30,['BAR']
,344,BAR RISTORANTE PIZZERIA LA RUSTICA,Via Cesare Battisti,,Sarnonico,38011,31,"['BAR', 'RISTORANTE', 'PIZZERIA']"
Marter,345,FAMIGLIA COOPERATIVA MARTER,Via Nazionale,,Roncegno,38050,11,[]
,346,CARTOLERIA DI HOFFER LEOPOLDA,Via A. Pola,,Roncegno,38050,1,[]
,347,PANE LATTE DOLCIUMI DI PAROLARI LUCIANA,Via 3 Novembre,,Tione di Trento,38079,19,[]
,348,FAMIGLIA COOPERATIVA CONAD,Piazza Cooperazione,,Romeno,38010,6,[]
,349,MACELLERIA ENDRIZZI SERGIO,Piazza Romana,,Romeno,38010,7,['MACELLERIA']
,350,IL FORNO DE BIASI,Piazza Graiff,,Romeno,38010,9,[]
,351,FALEGNAMERIA ROSATI ELIO,Via San Bartolomeo,,Romeno,38010,59,[]
,352,BAZAR DI FRANCISCI MARIANGELA,Piazza Lampi,,Romeno,38010,24,['BAZAR']
,353,PIZZERIA ANAUNIA,Via 4 Novembre,,Romeno,38010,80,['PIZZERIA']
,354,BAR CENTRALE DI CAIO E LORENZA,Piazza Romana,,Romeno,38010,5,['BAR']
,355,CASEIFICIO SOCIALE,Via Alla Piena,,Romeno,38010,62,[]
 Malgolo,356,ARTICOLI REGALO SARCLETTI,Via Al Castello,,Romeno,38010,14,[]
 Salter,357,LATTONIERE PLAGA MATTEO,Via SS. Martiri d’Anaunia,,Romeno,38010,2,[]
,358,MOBILIFICIO FRANCISCI,Via 4 Novembre,,Romeno,38010,53,[]
,359,ROEN MODE DI COGOI LUCA,Via 4 Novembre,,Romeno,38010,17,[]
,360,OSTARIA DELE STRIE,Piazza Centrale,,Nogaredo,38060,10,[]
,361,FAMIGLIA COOPERATIVA NOGAREDO,Via Verdi,,Nogaredo,38060,15,[]
Brancolino,362,PARISI BRUNA ALIMENTARI,Via Del Ponte,,Nogaredo,38060,1,['ALIMENTARI']
,363,MOBILI BETTINI,Via San Biagio,,Nogaredo,38060,12,[]
Molini,364,BAR TRATTORIA AI MOLINI,Via Molini,,Nogaredo,38060,7,['BAR']
Terlago,365,BAR PIZZERIA AI TRE FAGGI,Strada Laghi di Lamar,,Vallelaghi,38070,31,"['BAR', 'PIZZERIA']"
,366,RISTORANTE ALBERGO AL BORGHETTO,Via E. de Varda,,Mezzolombardo,38017,10,"['RISTORANTE', 'ALBERGO']"
,367,BOTTAMEDI CALZATURE,Corso Mazzini,,Mezzolombardo,38017,49,['CALZATURE']
,368,FERRAMENTA TOMASI,Corso Mazzini,,Mezzolombardo,38017,53,['FERRAMENTA']
,369,ZENI,Corso Mazzini,esercizio commerciale,Mezzolombardo,38017,11,[]
,370,TAIT,Corso Mazzini,esercizio commerciale,Mezzolombardo,38017,21,[]
,371,BAZAR TAIT MERCERIE,Via Roma,,Mezzolombardo,38017,30,['BAZAR']
,372,ABBIGLIAMENTO MAURINA,Via De Gasperi,,Mezzolombardo,38017,2,[]
,373,OREFICERIA G. CASNA,Corso Mazzini,,Mezzolombardo,38017,8,[]
,374,TESSUTI MANZATTI,Piazza Cassa di Risparmio,,Mezzolombardo,38017,6,[]
,375,PESCHERIA ROAT ROMANO,Via 4 Novembre,,Mezzolombardo,38017,12,[]
,376,OTTICA PIZZI,Via A. de Varda,,Mezzolombardo,38017,20,[]
,377,WEBER LILIANA,Corso Libertà, generi di monopolio,Mezzolombardo,38017,15,[]
,378,TAIT GIUDITTA,Via De Gasperi,esercizio commerciale,Mezzolombardo,38017,40,[]
,379,BOZ GIUSEPPE,Corso Mazzini,esercizio commerciale,Mezzolombardo,38017,12,[]
,380,LA CASA DELLA RADIO,Via A. de Varda,,Mezzolombardo,38017,9/A,[]
,381,FEDRIZZI VIGILIO & C. S.N.C.,Corso del Popolo,esercizio commerciale,Mezzolombardo,38017,5,[]
,382,FEDRIZZI ROSANNA E C. S.N.C.,Corso del Popolo,esercizio commerciale,Mezzolombardo,38017,5,[]
,383,PUNTO CASA,Via Roma,,Molveno,38018,21,[]
,384,RISTORANTE ALPOTEL VENEZIA,Via Nazionale,,Molveno,38018,10,['RISTORANTE']
,385,FRUTTA VERDURA DI GIORDANI ADELIO,P. Marconi,,Molveno,38018, 5/a,[]
,386,CENTRAL MARKET,Via Paganella,,Molveno,38018,1,[]
,387,BAR ALBERGO ITALIA,Via Lungolago,,Molveno,38018,9,"['BAR', 'ALBERGO']"
,388,RISTORANTE HOTEL MIRALAGO,Piazza Scuole,,Molveno,38018,3,"['RISTORANTE', 'HOTEL']"
,389,RISTORANTE HOTEL EXCELSIOR,Via Nazionale,,Molveno,38018,41,"['RISTORANTE', 'HOTEL']"
,390,BAR CRISTALLO,Piazza Scuole,,Molveno,38018,2,['BAR']
,391,ZENI CALZATURE,Via Roma,,Molveno,38018,6,['CALZATURE']
,392,MACELLERIA SPRINGHETTI,Via Roma,,Molveno,38018,14,['MACELLERIA']
,393,RISTORANTE HOTEL LONDRA,Via Nazionale,,Molveno,38018,34,"['RISTORANTE', 'HOTEL']"
,394,RISTORANTE ALEXANDER HOTEL,Piazza Scuole,,Molveno,38018,7,"['RISTORANTE', 'HOTEL']"
,395,RISTORANTE HOTEL BELVEDERE,Via Nazionale,,Molveno,38018,9,"['RISTORANTE', 'HOTEL']"
,396,BAR RISTORANTE HOTEL EUROPA,Via Nazionale,,Molveno,38018,13,"['BAR', 'RISTORANTE', 'HOTEL']"
,397,RISTORANTE HOTEL AURORA,Via Belvedere,,Molveno,38018,8,"['RISTORANTE', 'HOTEL']"
,398,RISTORANTE HOTEL PANORAMA,Via Nazionale,,Molveno,38018,45,"['RISTORANTE', 'HOTEL']"
,399,RISTORANTE HOTEL MOLVENO,Via Bettega,,Molveno,38018,18,"['RISTORANTE', 'HOTEL']"
,400,RISTORANTE PIZZERIA AL CAMINETTO,Via Lungolago,,Molveno,38018,4,"['RISTORANTE', 'PIZZERIA']"
,401,RISTORANTE HOTEL GLORIA,Via Lungolago,,Molveno,38018,15,"['RISTORANTE', 'HOTEL']"
,402,RISTORANTE ALBERGO STELLA ALPINA,Via Cesare Battisti,,Molveno,38018,6,"['RISTORANTE', 'ALBERGO']"
,403,CENTRO FOTO OTTICA,Piazza S. Carlo,,Molveno,38018,3,[]
Pradel,404,RISTORANTE ALBERGO DEL BRENTA,,,Molveno,38018,,"['RISTORANTE', 'ALBERGO']"
Pradel,405,RISTORANTE ALBERGO PRADEL,,,Molveno,38018,,"['RISTORANTE', 'ALBERGO']"
,406,ANGOLO MODA,Piazza San Carlo,,Molveno,38018, 11/A,[]
,407,CRONST,Via Galilei,esercizio commerciale,Trento,38122,25,[]
,408,PONTRELLI DI CARLA ZANCANELLA,Piazza C. Battisti,esercizio commerciale,Cavalese,38033,15,[]
,409,RAFFAELLA,Via IX Novembre,esercizio commerciale,Cavalese,38033,6,[]
,410,CAPPELLERIA BETTA,Piazza Dante,,Cavalese,38033,6,[]
Gardolo,411,BAZAR MOSER,Piazza Libertà,,Trento,38121,14,['BAZAR']
Ghiaie,412,MACELLERIA MINIMARKET HIGHLANDER,,,Canal San Bovo,38050,7,['MACELLERIA']
Sperandi,413,BAR RISTORANTE ALBERGO AL PIN,,,Canal San Bovo,38050,111,"['BAR', 'RISTORANTE', 'ALBERGO']"
,414,OSTERIA ALLE FOSSE,Via Fosse,,Canal San Bovo,38050,148,[]
Lausen,415,RISTORANTE ALBERGO LAGORAI,,,Canal San Bovo,38050,12,"['RISTORANTE', 'ALBERGO']"
Zortea,416,RISTORANTE ALBERGO SERENELLA,,,Canal San Bovo,38050,56,"['RISTORANTE', 'ALBERGO']"
Fosse,417,CENTRO SPESA CORONA,,,Canal San Bovo,38050,141,[]
,418,FAMIGLIA COOPERATIVA ZORTEA,Via Zortea,,Canal San Bovo,38050, 57/B,[]
,419,FAMIGLIA COOPERATIVA CANAL SAN BOVO,Via Roma,,Canal San Bovo,38050,17,[]
Caseri,420,FAMIGLIA COOPERATIVA CAORIA,,,Canal San Bovo,38050,8,[]
,421,FAMIGLIA COOPERATIVA PRADE,Piazza G. Marconi Loc. Prade,,Canal San Bovo,38050,,[]
Ponte Arche,422,FERRAMENTA FEDRIZZI,Via Marconi,,Comano Terme,38077,28,['FERRAMENTA']
,423,CAFFE’ ROMA,Largo Dordi,,Borgo Valsugana,38051,3,[]
,424,BAR RISTORANTE ALBERGO AL CERVO,Via IV Novembre,,Tesero,38038,18,"['BAR', 'RISTORANTE', 'ALBERGO']"
,425,BAR ANCORA,Via IV Novembre,,Tesero,38038,32,['BAR']
,426,CARTOLIBRERIA DEFLORIAN,Via Roma,,Tesero,38038,78,[]
Stava,427,RISTORANTE HOTEL ERICA,,,Tesero,38038,1,"['RISTORANTE', 'HOTEL']"
,428,CALZATURE ZENI SPORT,Via IV Novembre,,Tesero,38038, 21/B,"['CALZATURE', 'SPORT']"
,429,VALENTINO SCARPE,Via Roma,,Tesero,38038,88,[]
,430,EUFORIA INTIMO,Piazza Nuova,,Tesero,38038, 5/B,[]
,431,BAR STELLA,Via Roma,,Tesero,38038,29,['BAR']
,432,CANAL KATIA TABACCHERIA,Via Roma,,Tesero,38038,29,[]
,433,ELETTROSOC DI GILMOZZI ERNESTO,Via Socce,,Tesero,38038,2,[]
,434,MOBILIFICIO SILVIO DELLADIO,Via Roma,,Tesero,38038,24,[]
,435,FAMIGLIA COOPERATIVA,Via Cavada,,Tesero,38038,6,[]
,436,BAR PASTICCERIA MAZZOLENI,Piazza General Cantore,,Trento,38121,28,['BAR']
,437,PROFUMERIA BOSCHETTO,Via F.lli Bronzetti,,Cavalese,38069,5,[]
Pozza di Fassa,438,L. MALGHER,Piaza del Malgher,,San Giovanni di Fassa-Sèn Jan,38036,1,[]
Pozza di Fassa,439,LINO SPORT,Strada de Meida,,San Giovanni di Fassa-Sèn Jan,38036,78,['SPORT']
Pozza di Fassa,440,RISTORANTE ALBERGO RIZZI,Piaza de Salin,,San Giovanni di Fassa-Sèn Jan,38036,6,"['RISTORANTE', 'ALBERGO']"
Pozza di Fassa,441,ELETTROGAS PEDERIVA,Strada Dolomites,,San Giovanni di Fassa-Sèn Jan,38036,121,[]
Pozza di Fassa,442,PANIFICIO EL PEK,Piaza Deodat de Dolomieu,,San Giovanni di Fassa-Sèn Jan,38036,4,['PANIFICIO']
Pozza di Fassa,443,FAMIGLIA COOPERATIVA POZZA DI FASSA,Piaza de Comun,,San Giovanni di Fassa-Sèn Jan,38036,11,[]
Pozza di Fassa,444,BAR AL PONTE,Strada de Meida,,San Giovanni di Fassa-Sèn Jan,38036,1,['BAR']
Pozza di Fassa,445,PANIFICIO BERNARD,Troi Giovanni Francesco Bernard,,San Giovanni di Fassa-Sèn Jan,38036,5,['PANIFICIO']
,446,PANIFICIO BONINSEGNA,Piazza Cioc,,Soraga,38030,20,['PANIFICIO']
,447,BAR RISTORANTE HOTEL DE FRONZ,Strada de Pont,,Soraga,38030,35,"['BAR', 'RISTORANTE', 'HOTEL']"
,448,BAR RISTORANTE HOTEL AVISIO,Stradone de Fascia,,Soraga,38030,6,"['BAR', 'RISTORANTE', 'HOTEL']"
,449,FAMIGLIA COOPERATIVA SORAGA,Stradone de Fascia,,Soraga,38030,16,[]
,450,SPORT BRUNEL,Piazza Cioc,,Soraga,38030,20,['SPORT']
,451,TABACCHERIA GIULIANI,Stradone de Fascia,,Soraga,38030,3,[]
,452,BAR RISTORANTE HOTEL ROSALPINA,Strada de Palua,,Soraga,38030,2,"['BAR', 'RISTORANTE', 'HOTEL']"
Vigo di Fassa,453,BAR RISTORANTE HOTEL ROSA,Strada Rezia,,San Giovanni di Fassa-Sèn Jan,38039,5,"['BAR', 'RISTORANTE', 'HOTEL']"
Vigo di Fassa,454,TABACCHI E SOUVENIRS GHETTA FABRIZIO,Strada de la Piazedela,,San Giovanni di Fassa-Sèn Jan,38039,3,['TABACCHI']
Vigo di Fassa,455,FOTO SPORT LADIN,Strada Roma,,San Giovanni di Fassa-Sèn Jan,38039,26,['SPORT']
Vigo di Fassa,456,OREFICERIA OROLOGERIA POLLAM,Strada Roma,,San Giovanni di Fassa-Sèn Jan,38039,17,[]
Vigo di Fassa,457,BAR BIANCO,Strada Rezia,,San Giovanni di Fassa-Sèn Jan,38039,28,['BAR']
Vigo di Fassa,458,MACELLERIA F.LLI PELLEGRIN,Strada Daniel Zen,,San Giovanni di Fassa-Sèn Jan,38039,9,['MACELLERIA']
Vigo di Fassa,459,BAR HOTEL MIRAMONTI,Strada di Molins,,San Giovanni di Fassa-Sèn Jan,38039,10,"['BAR', 'HOTEL']"
Vigo di Fassa,460,BAR RISTORANTE ACTIVE HOTEL OLYMPIC,Strada Dolomites,,San Giovanni di Fassa-Sèn Jan,38039,4,"['BAR', 'RISTORANTE', 'HOTEL']"
Vigo di Fassa,461,BAR RISTORANTE HOTEL DOLOMITI,Strada Dolomites,,San Giovanni di Fassa-Sèn Jan,38039,9,"['BAR', 'RISTORANTE', 'HOTEL']"
Vigo di Fassa,462,TONY SPORT,Strada Rezia,,San Giovanni di Fassa-Sèn Jan,38039,11,['SPORT']
Vigo di Fassa,463,BAR LADIN,Strada de la Piazedela,,San Giovanni di Fassa-Sèn Jan,38039,9,['BAR']
Vigo di Fassa,464,BAR RISTORANTE HOTEL FONTANA,Strada de Valongia,,San Giovanni di Fassa-Sèn Jan,38039,36,"['BAR', 'RISTORANTE', 'HOTEL']"
Vigo di Fassa,465,DA FLORA,Strada Rezia,,San Giovanni di Fassa-Sèn Jan,38039,22,[]
Vigo di Fassa,466,LA BOTEIGA,Via Roma,,San Giovanni di Fassa-Sèn Jan,38039,48,[]
Vigo di Fassa,467,BAR ALBERGO BELVEDERE,Strada Murada,,San Giovanni di Fassa-Sèn Jan,38039,3,"['BAR', 'ALBERGO']"
Vigo di Fassa,468,BAR RISTORANTE HOTEL RENATO,Strada de Solar,,San Giovanni di Fassa-Sèn Jan,38039,27,"['BAR', 'RISTORANTE', 'HOTEL']"
Vigo di Fassa,469,PANIFICIO EL PECH,Strada Rezia,,San Giovanni di Fassa-Sèn Jan,38039,26,['PANIFICIO']
Vigo di Fassa,470,FAMIGLIA COOPERATIVA VIGO DI FASSA,Strada Rezia,,San Giovanni di Fassa-Sèn Jan,38039,30,[]
Vigo di Fassa,471,ELECTRO POLLAM,Strada Roma,,San Giovanni di Fassa-Sèn Jan,38039,25,[]
Vigo di Fassa,472,BAR RISTORANTE HOTEL VAEL,Strada Rezia,,San Giovanni di Fassa-Sèn Jan,38039,29,"['BAR', 'RISTORANTE', 'HOTEL']"
Vigo di Fassa,473,RISTORANTE HOTEL SAVOY,Jouf de Ciareja,,San Giovanni di Fassa-Sèn Jan,38039,2,"['RISTORANTE', 'HOTEL']"
Vigo di Fassa / Passo Costalunga,474,SPORT LUCY,,,San Giovanni di Fassa-Sèn Jan,38039,3,['SPORT']
Vigo di Fassa,475,LORENZ EMILIO BIBITE,Strada de Pilat,,San Giovanni di Fassa-Sèn Jan,38039,9,[]
Vigo di Fassa,476,RISTORANTE BAR ALPEN HOTEL CORONA,Strada Murada,,San Giovanni di Fassa-Sèn Jan,38039,3,"['BAR', 'RISTORANTE', 'HOTEL']"
,477,BAR RISTORANTE ALBERGO ALPINO AL CAVALLETTO,Via Costa,,Canazei,38032,103,"['BAR', 'RISTORANTE', 'ALBERGO']"
Alba di Canazei,478,RISTORANTE HOTEL ALBA,Via Costa,,Canazei,38032,99,"['RISTORANTE', 'HOTEL']"
,479,BAR RISTORANTE HOTEL BERNARD,Via Roma,,Canazei,38032,25,"['BAR', 'RISTORANTE', 'HOTEL']"
,480,BAR RISTORANTE HOTEL ALLA ROSA,Strada del Faure,,Canazei,38032,18,"['BAR', 'RISTORANTE', 'HOTEL']"
,481,PANIFICIO BONINSEGNA,Via Costa,,Canazei,38032,25,['PANIFICIO']
,482,RIFUGIO ESCURSIONISTICO VALENTINI,Streda de Sella,,Canazei,38032,23,[]
,483,BAR RISTORANTE RIFUGIO VILLETTA MARIA,Strada Pian Trevisan,,Canazei,38032,44,"['BAR', 'RISTORANTE']"
,484,VALERUZ SPORT,Via Roma,,Canazei,38032,18,['SPORT']
,485,CALZATURE ROSSI,Via Dolomiti,,Canazei,38032,81,['CALZATURE']
,486,BAR RISTORANTE HOTEL COL DI LANA,Strada del Pordoi,,Canazei,38032,132,"['BAR', 'RISTORANTE', 'HOTEL']"
,487,BAR RISTORANTE ALBERGO MIRAMONTI,Streda de Costa,,Canazei,38032,213,"['BAR', 'RISTORANTE', 'ALBERGO']"
,488,RISTORANTE HOTEL PORDOI,Strada del Pordoi,,Canazei,38032,76,"['RISTORANTE', 'HOTEL']"
,489,RISTORANTE HOTEL DOLOMITI,Via Dolomites,,Canazei,38032,80,"['RISTORANTE', 'HOTEL']"
,490,BAR GARNÌ INTERNATIONAL,Streda Dolomites,,Canazei,38032,193,['BAR']
,491,PROFUMERIA COSTA,Piazza G. Marconi,,Canazei,38032,21,[]
,492,BAR GARNÌ STELLA ALPINA,Streda do Ruf de Antermont,,Canazei,38032,6,['BAR']
,493,BAR RISTORANTE HOTEL CROCE BIANCA,Via Streda Roma,,Canazei,38032,3,"['BAR', 'RISTORANTE', 'HOTEL']"
,494,BAR RISTORANTE HOTEL VILLA ROSA,Streda Dolomites,,Campitello di Fassa,38032,87,"['BAR', 'RISTORANTE', 'HOTEL']"
,495,RISTORANTE SPORT HOTEL ENROSADIRA,Streda de Morandin,,Campitello di Fassa,38032,43,"['RISTORANTE', 'HOTEL', 'SPORT']"
,496,BAR RISTORANTE HOTEL RODODENDRO,Streda Dolomites,,Campitello di Fassa,38032,45,"['BAR', 'RISTORANTE', 'HOTEL']"
,497,BAR AGNELLO,Piazza Centrale,,Campitello di Fassa,38032,,['BAR']
,498,FAMIGLIA COOPERATIVA CAMPITELLO DI FASSA,Streda Dolomites,,Campitello di Fassa,38032,87,[]
,499,BAR RISTORANTE HOTEL MIRAMONTI,Via Mazzini Loc. Crosano,,Brentonico,38060,97,"['BAR', 'RISTORANTE', 'HOTEL']"
,500,BAR RISTORANTE ALBERGO NENI,Via Garibaldi,,Brentonico,38060,2,"['BAR', 'RISTORANTE', 'ALBERGO']"
,501,BAR RISTORANTE ALBERGO ZENI,Via Roma,,Brentonico,38060,16,"['BAR', 'RISTORANTE', 'ALBERGO']"
San Giacomo,502,RISTORANTE HOTEL S. GIACOMO,Via Borani Salvotti,,Brentonico,38060,2,"['RISTORANTE', 'HOTEL']"
,503,PANIFICIO TOGNI,Via Roma,,Brentonico,38060,14,['PANIFICIO']
Santa Caterina,504,PIZZERIA LA PINETA,,,Brentonico,38060,1,['PIZZERIA']
,505,SAV FORMAGGI,Piazza Generale Dalla Chiesa,,Brentonico,38060,25,[]
,506,TABACCHERIA RIGO,Via Roma,,Brentonico,38060,22,[]
,507,PASSERINI CALZATURE,Via Fabio Filzi,,Brentonico,38060,19/a,['CALZATURE']
,508,ALIMENTARI ANDREOLLI,Via Roma,,Brentonico,38060,5,['ALIMENTARI']
Castione,509,ALIMENTARI CANALI,Via Clemente,,Brentonico,38060,1,['ALIMENTARI']
,510,BAR COMMERCIO,Via Roma,,Brentonico,38060,49,['BAR']
,511,FAMIGLIA COOPERATIVA BRENTONICO,Via Roberti,,Brentonico,38060,3,[]
Crosano,512,FAMIGLIA COOPERATIVA CROSANO,Via Mazzini,,Brentonico,38060,1,[]
Cornè,513,FAMIGLIA COOPERATIVA CORNÈ,Via 3 Novembre,,Brentonico,38060,47,[]
,514,BAR IL BUNKER,Via Prof. Vanzetta,,Ziano di Fiemme,38030,,['BAR']
,515,RISTORANTE HOTEL AL PONTE,Via Alpini,,Villa Lagarina,38060,28,"['RISTORANTE', 'HOTEL']"
Lago di Cei,516,BAR RISTORANTE ALBERGO LAGO DI CEI,,,Villa Lagarina,38060,1,"['BAR', 'RISTORANTE', 'ALBERGO']"
,517,BAR ROMA,Via XXV Aprile,,Villa Lagarina,38060,10,['BAR']
,518,FARMACIA DE PROBIZER,Via XXV Aprile,,Villa Lagarina,38060,28,['FARMACIA']
,519,FAMIGLIA COOPERATIVA DI CASTELLANO,Via del Torchio,,Villa Lagarina,38060,64,[]
,520,FAMIGLIA COOPERATIVA DI PEDERSANO,Via Sant’Antonio,,Villa Lagarina,38060,,[]
,521,FAMIGLIA COOPERATIVA VILLA LAGARINA,Via XXV Aprile,,Villa Lagarina,38060,50,[]
,522,TESINO MARKET,Via Brigata Abruzzi,,Pieve Tesino,38050,4,[]
,523,BAR CENTRALE,Piazza Garibaldi,,Pieve Tesino,38050,4,['BAR']
,524,PUNTO ROSSO ALIMENTARI,Piazza Garibaldi,,Pieve Tesino,38050,2,['ALIMENTARI']
Madonna della Neve / Valdomenegal,525,BAR RISTORANTE ALBERGO ALPINO,,,Avio,38063,,"['BAR', 'RISTORANTE', 'ALBERGO']"
,526,BAR NUOVO,Viale Alcide De Gasperi,,Avio,38063,13,['BAR']
,527,CASEIFICIO SOCIALE SABBIONARA,Via Vignola,,Avio,38063,25,[]
,528,RIVENDITA FUMANELLI GEDEONE,Piazza Conciliazione,,Avio,38063,17,[]
,529,PANIFICIO SEGA DIEGO,Via Regina Elena,,Avio,38063,18,['PANIFICIO']
,530,FAMIGLIA COOPERATIVA AVIO,Piazza Roma,,Avio,38063,5,[]
,531,BAR SPORT,Via Venezia,,Avio,38063,75,"['BAR', 'SPORT']"
,532,BAR TRATTORIA ALLA STAZIONE,Via General Cantore,,Avio,38063,41,['BAR']
,533,CADEN CARLO ABBIGLIAMENTO,Via Regina Elena,,Avio,38063,12,[]
,534,CADEN TENDAGGI,Via Teatro,,Avio,38063,5,[]
,535,CONFEZIONI DA IDA,Via S. Antonio,,Avio,38063,28,[]
Borghetto,536,BAR RISTORANTE ALBERGO MONTE BALDO,,,Avio,38063,,"['BAR', 'RISTORANTE', 'ALBERGO']"
Madonna della Neve / Valdomenegal,537,RIFUGIO ESCURSIONISTICO MONTE BALDO,,,Avio,38063,,[]
,538,FARMACIA COOPERATIVA,Piazza Roma,,Avio,38063,4,['FARMACIA']
,539,FALEGNAMERIA MABBONI,Viale Alcide De Gasperi,,Avio,38063,82,[]
,540,DELIZIE WELPONER,Via F.lli Bronzetti,,Cavalese,38033,27,[]
,541,FARMACIA BONI,Viale Dante,,Tione di Trento,38079,42,['FARMACIA']
,542,PANIFICIO MODERNO,Via Al Ponte,,Isera,38060,10,['PANIFICIO']
,543,FAMIGLIA COOPERATIVA DI ISERA,Piazza San Vincenzo,,Isera,38060,10,[]
Tonadico,544,RISTORANTE BAR HOTEL TRESSANE,Via Roma,,Primiero San Martino di Castrozza,38054,30,"['BAR', 'RISTORANTE', 'HOTEL']"
Tonadico,545,RISTORANTE PARK HOTEL IRIS,Via Roma,,Primiero San Martino di Castrozza,38054,26,"['RISTORANTE', 'HOTEL']"
Tonadico,546,RISTORANTE HOTEL PRIMIERO,Via Roma,,Primiero San Martino di Castrozza,38054,8,"['RISTORANTE', 'HOTEL']"
Tonadico,547,IL NEGOZIO DEL PANE,Via Roma,,Primiero San Martino di Castrozza,38054,2,[]
Tonadico,548,PANIFICIO CENTRALE DI PRIMIERO,Via Roma,,Primiero San Martino di Castrozza,38054,2,['PANIFICIO']
Tonadico,549,BAR ALBERGO TRE PONTI,Via Sorelle Lucian,,Primiero San Martino di Castrozza,38054,5,"['BAR', 'ALBERGO']"
Tonadico,550,RISTORANTE BAR LANTERNA VERDE,Via Roma,,Primiero San Martino di Castrozza,38054,8,"['BAR', 'RISTORANTE']"
Tonadico,551,EDICOLA BAZAR TABACCHI,Via Scopoli,,Primiero San Martino di Castrozza,38054,43,"['TABACCHI', 'BAZAR']"
Tonadico,552,BAR CENTRALE,Via Scopoli,,Primiero San Martino di Castrozza,38054,37,['BAR']
Tonadico,553,NON SOLO PANE,Via Card. Bernardin,,Primiero San Martino di Castrozza,38054,2,[]
Tonadico,554,FAMIGLIA COOPERATIVA DI TONADICO,Via Scopoli,,Primiero San Martino di Castrozza,38054,40,[]
,555,OREFICERIA OROLOGERIA MULLER,Piazza San Giorgio,,Castello Tesino,38053,3,[]
,556,FARMACIA RIGONI,Via Dante,,Castello Tesino,38053,12/A,['FARMACIA']
,557,BAR PIZZERIA CROSARA,Piazza San Giorgio,,Castello Tesino,38053,8,"['BAR', 'PIZZERIA']"
,558,BAR ROMA,Piazza San Giorgio,,Castello Tesino,38053,5,['BAR']
,559,FAMIGLIA COOPERATIVA DI CASTELLO TESINO,Via Donato Pelloso,,Castello Tesino,38053,13/A,[]
,560,BAR ORATORIO,Via Venezia,,Castello Tesino,38053,18,['BAR']
Passo Brocon,561,RISTORANTE BAR ALBERGO PASSO BROCON “DA S’CIOPO”,,,Castello Tesino,38053,2,"['BAR', 'RISTORANTE', 'ALBERGO']"
,562,FIORI E VERDURA,Piazza Trento,,Castello Tesino,38053,1,[]
,563,EMPORIO DIEGO ZOTTA,Piazza Trento,,Castello Tesino,38053,3,[]
Molini,564,BAR AL PONTE,,,Castello Tesino,38053,2,['BAR']
,565,MACELLERIA BOSO,Via Baili,,Castello Tesino,38053,4,['MACELLERIA']
,566,BAR RISTORANTE ALBERGO BELLAVISTA,Via Roma,,Castello Tesino,38053,17,"['BAR', 'RISTORANTE', 'ALBERGO']"
,567,ABBIGLIAMENTO BAILO,Piazza Marconi,,Castello Tesino,38053,1,[]
,568,ALIMENTARI DA CELESTINO,Piazza Marconi,,Castello Tesino,38053,5,['ALIMENTARI']
,569,ALIMENTARI MORANDUZZO,Via Terrasanta,,Castello Tesino,38053,7,['ALIMENTARI']
,570,CAFFÈ MARCONI,Piazza Marconi,,Castello Tesino,38053,4,[]
,571,TABACCHI ZAMPIERO,Piazza Marconi,,Castello Tesino,38053,3,['TABACCHI']
Madonna di Campiglio,572,CHALET FERRARI,Piazza Righi,,Pinzolo,38086,28,[]
Madonna di Campiglio,573,CHALET FERRARI REGALO,Piazza Righi,,Pinzolo,38086,30,[]
,574,ZANELLA ARREDAMENTI,Via Rosmini,,Trento,38122,78,[]
,575,ALIMENTARI RICCIO STEFANIA,Via Dante,,Levico Terme,38065,7/B,['ALIMENTARI']
,576,ETA BETA DI GRISENTI GIORGIA,Corso Centrale,,Levico Terme,38065,38,[]
,577,FERRAMENTA CASALINGHI ROSA,Via Dante,,Levico Terme,38065,16,['FERRAMENTA']
,578,FAMIGLIA COOPERATIVA LAGORAI,Via Marchi,,Ronchi Valsugana,38050,2,[]
,579,SIMONETTO CARNI,Viale Venezia,,Castelnuovo,38050,20,[]
Sén Pelegrin,580,BAR RISTORANTE HOTEL COSTABELLA,,,Moena,38035,37,"['BAR', 'RISTORANTE', 'HOTEL']"
,581,MACELLERIA FELICETTI,Strada E. Zanoner Canori,,Moena,38035,,['MACELLERIA']
,582,ELETTRODOMESTICI DE PELLEGRINI,Strenta de Ischiacia,,Moena,38035,14,[]
,583,SEGHERIA ZANONER,Strada de la Comunità de Fiem,,Moena,38035,11,[]
,584,MACELLERIA FASANELLI,Via 3 Novembre,,Pomarolo,38060,3,['MACELLERIA']
,585,MINATI ROBERTA,Via Vittorio Emanuele,esercizio commerciale,Grigno,38055,27,[]
,586,BAR RISTORANTE ALBERGO SILVANA,Via Nuova,,Ledro,38067,6,"['BAR', 'RISTORANTE', 'ALBERGO']"
,587,EDICOLA TABACCHI SANNICOLÒ GABRIELE,Piazza Sanzio,,Trento,38122,9,['TABACCHI']
,588,FARMACIA CENTRALE,Corso Ausugum,,Borgo Valsugana,38051,40,['FARMACIA']
,589,SIMONETTO CARNI,Via Padri Morizzo,,Borgo Valsugana,38051,20,[]
,590,FAMIGLIA COOPERATIVA DI CAVALESE,Piazza Battisti,,Cavalese,38033,12,[]
,591,DAMIATA MOTO,Corso Bettini,,Rovereto,38068,54,[]
,592,NEON TRENTO SCOTUZZI,Via Ragazzi del '99,attività artigianale,Trento,38123,39,[]
,593,CASA DEL CAFFÈ,Via Maffei,,Riva del Garda,38066,13,[]
Vezzano,594,RISTORANTE PIZZERIA LILLÀ,Piazza di Sant'A. Abate,,Vallelaghi,38070,5,"['RISTORANTE', 'PIZZERIA']"
Francolini,595,BAR HOTEL SEGGIOVIA,,,Folgaria,38064,32,"['BAR', 'HOTEL']"
,596,PANIFICIO CANALIA,Via Schirni,,Folgaria,38064,13,['PANIFICIO']
,597,FOLGARIA FASHION SPORT,Via E. Colpi,,Folgaria,38064,191,['SPORT']
,598,BAR RISTORANTE HOTEL BIANCANEVE,Via A. Maffei,,Folgaria,38064,134,"['BAR', 'RISTORANTE', 'HOTEL']"
,600,BAR RISTORANTE HOTEL ERICA,Via Nazionale,,Folgaria,38064,69,"['BAR', 'RISTORANTE', 'HOTEL']"
,601,BAR RISTORANTE ANTICO ALBERGO STELLA D'ITALIA,Via E. Colpi,,Folgaria,38064,48,"['BAR', 'RISTORANTE', 'ALBERGO']"
,602,BAR RISTORANTE ALBERGO TRENTINO,Via Manzoni,,Folgaria,38064,63,"['BAR', 'RISTORANTE', 'ALBERGO']"
,603,CALZATURE FAIT,Via E. Colpi,,Folgaria,38064,10,['CALZATURE']
,604,FARMACIA GIRARDI,Via E. Colpi,,Folgaria,38064,179,['FARMACIA']
,605,BAR RISTORANTE PARK HOTEL MIRAMONTI,Via Dante Alighieri,,Folgaria,38064,12,"['BAR', 'RISTORANTE', 'HOTEL']"
,606,BAR RISTORANTE ALBERGO DUE SPADE,Via Lega Nazionale,,Folgaria,38064,41,"['BAR', 'RISTORANTE', 'ALBERGO']"
,607,MERCERIA RELLA,Piazza S. Lorenzo,,Folgaria,38064,11,[]
Sopramonte,609,SALUMERIA BELLI,Piazza Oveno,,Trento,38123,1,[]
Ponte Arche,610,BONANI GIULIANA,,esercizio commerciale,Comano Terme,38077,58,[]
,611,BAR FIORENTINA,Via Calepina,,Trento,38122,4,['BAR']
,612,AMBROSI SILVIO LUIGI,Via Nazionale,esercizio commerciale,Pellizzano,38020,35,[]
Taio,613,MACELLERIA MALENCH,Piazza San Vittore,,Predaia,38012,19,['MACELLERIA']
,614,BAR DEI CAVAI,Via S. Martino,,Trento,38122,90,['BAR']
,615,BRESCIANI SOUVENIR,Piazza C. Battisti,,Riva del Garda,38066,14,[]
,616,PROFUMERIE BRESCIANI,Via Mazzini,,Riva del Garda,38066,13,[]
,617,BAR DELL'HOTEL RANCOLIN,Strada de Moene,,Moena,38035,31,"['BAR', 'HOTEL']"
,618,MOBILIFICIO ARTIGIANI ASSOCIATI,Strada de la Comunità de Fiem,,Moena,38035,34,[]
,619,BAR GABRY,Piaz de Ramon,,Moena,38035,27,['BAR']
,620,BAR RAMON,Piaz de Ramon ,,Moena,38035,41,['BAR']
,621,ENOTECA DEL PINTER,Strenta de Ischiacia,,Moena,38035,1,[]
,622,GIOIELLERIA CROCE,Piaz de Ramon,,Moena,38035,41,[]
,623,BAR DELL'HOTEL ALLE ALPI,Strada de Moene ,,Moena,38035,67,"['BAR', 'HOTEL']"
,624,LA BORA,Piaz de Ramon,,Moena,38035,45,[]
,625,NONSOLOMODA,Strada de Fachin,,Moena,38035,3,[]
,626,PELLETTERIA GRAZIA S.A.S.,Via Fiume,,Riva del Garda,38066,29,[]
Cembra,627,MACELLERIA ZANOTELLI,Viale IV Novembre 35,,Cembra Lisignago,38034,,['MACELLERIA']
Cembra,628,PANIFICIO GAIGHER,Via Damiano Chiesa  6,,Cembra Lisignago,38034,,['PANIFICIO']
Cembra,629,FERRAMENTA PIU',Viale IV Novembre 35,,Cembra Lisignago,38034,82,['FERRAMENTA']
Cembra,630,IDEA CASA,Viale IV Novembre 35,,Cembra Lisignago,38034,78,[]
Cembra,631,MACELLERIA PAOLAZZI,Piazza San Rocco,,Cembra Lisignago,38034,2,['MACELLERIA']
Cembra,632,BAR VICO,Piazza Marconi,,Cembra Lisignago,38034,6,['BAR']
Cembra,633,BAR ROSALPINA,Viale IV Novembre 17,,Cembra Lisignago,38034,,['BAR']
,634,ALBERGO RISTORANTE BAR DUE SPADE,Piazza Municipio ,,Caldonazzo,38052,2,"['BAR', 'RISTORANTE', 'ALBERGO']"
,635,ALBERGO RISTORANTE BAR ALLA TORRE,Via delle Villa,,Caldonazzo,38052,37,"['BAR', 'RISTORANTE', 'ALBERGO']"
,636,CASALINGHI FERRAMENTA MURARA,Piazza Municipio,,Caldonazzo,38052,14,['FERRAMENTA']
,637,MOBILI CIOLA,Via Brenta,,Caldonazzo,38052,9,[]
,638,BAR RISTORNATE ROSSI,Via G. Marconi,,Luserna,38040,1,['BAR']
Siror,639,MACELLERIA BONELLI,Via Asilo,,Primiero San Martino di Castrozza,38054,26,['MACELLERIA']
Siror,640,PANIFICIO PASTICCERIA ZANETEL ARRIGO,Via Larga,,Primiero San Martino di Castrozza,38054,11,['PANIFICIO']
Siror,641,BAR HOTEL SIROR,Via Larga ,,Primiero San Martino di Castrozza,38054,13,"['BAR', 'HOTEL']"
San Martino di Castrozza,642,CAFFE' CENTRALE DI GIAN LUIGI SECCO E C.,Via Passo Rolle,,Primiero San Martino di Castrozza,38054,76,[]
San Martino di Castrozza,643,RISTORANTE ALBERGO CENTRALE,Via Passo Rolle,,Primiero San Martino di Castrozza,38054,74,"['RISTORANTE', 'ALBERGO']"
San Martino di Castrozza,644,BAZAR DELL'ALPE,Via Passo Rolle,,Primiero San Martino di Castrozza,38054,185,['BAZAR']
San Martino di Castrozza,645,BANCHER S.A.S. DI TISOT ADELIA E C.,Via Laghetto,,Primiero San Martino di Castrozza,38054,4,[]
,646,ALBERGO BAR RISTORANTE ROSALPINA DI CANALIA GABRIELE,Via Strada Nuova ,,Folgaria,38064,8,"['BAR', 'RISTORANTE', 'ALBERGO']"
Costa,647,ALBERGO BAR RISTORANTE SAYONARA DI RECH WILLIAM,Via A. Maffei,,Folgaria,38064,52,"['BAR', 'RISTORANTE', 'ALBERGO']"
Cembra,648,NIC S.A.S. DI NICOLODI MARTINO,Via Cesare Battisti,,Cembra Lisignago,38034,33/1,[]
Cembra,649,FAMIGLIA COOPERATIVA DI CEMBRA,Piazza Marconi,,Cembra Lisignago,38034,3,[]
Cembra,650,TABACCHINO DI FADANELLI MAURA,Piazza Marconi,,Cembra Lisignago,38034,8,['TABACCHI']
Cembra,651,BAR PIZZERIA SAINT ROCK,Viale IV Novembre,,Cembra Lisignago,38034,51,"['BAR', 'PIZZERIA']"
,652,BAZAR COVI,Piazza San Giovanni,,Fondo,38013,16,['BAZAR']
,653,CALZATURE SCHNEIDER,Via IV Novembre,,Fondo,38013,1,['CALZATURE']
,654,EUROPAFERR FERRAMENTA DI ZINI MAURO GIOVANNI,Via Battisti,,Fondo,38013,25,['FERRAMENTA']
,655,BATTISTI CALZATURE DI BATTISTI ALBERTO,Via Battisti,,Fondo,38013,10,['CALZATURE']
,656,ZANONI PREZIOSI ,Via Inama,,Fondo,38013,2,[]
,657,PIZZERIA-RISTORANTE AL FOLON,Via Lago Smeraldo,,Fondo,38013,18,"['RISTORANTE', 'PIZZERIA']"
,658,BAR RISTORANTE TRENTO,Via Milano ,,Bieno,38050,10,"['BAR', 'RISTORANTE']"
Siror,659,BIRRERIA VALSERENA,Via Valserena ,,Primiero San Martino di Castrozza,38054,36,[]
Siror,660,BAR CAFFE' ERO,Via S. Andrea,,Primiero San Martino di Castrozza,38054,5,['BAR']
San Martino di Castrozza,661,BAR MARGHERITA,Via Passo Rolle,,Primiero San Martino di Castrozza,38054,183,['BAR']
San Martino di Castrozza,662,ESTETICA PROFUMERIA TISOT,Via Passo Rolle,,Primiero San Martino di Castrozza,38054,133,[]
Siror,663,CALZATURE BANCHER SEVERINO,Via Rivetta,,Primiero San Martino di Castrozza,38054,23,['CALZATURE']
San Martino di Castrozza,664,RISTORANTE ALBERGO FRATAZZA,Via Passo Rolle,,Primiero San Martino di Castrozza,38054,2,"['RISTORANTE', 'ALBERGO']"
San Martino di Castrozza,665,FAMIGLIA COOPERATIVA DI SIROR,Via S. Andrea,,Primiero San Martino di Castrozza,38054,4,[]
,666,BAR ALLA TORRE,Via Avisio,,Castello-Molina di Fiemme,38030,6,['BAR']
,667,RISTORANTE ALBERGO LATEMAR S.N.C. DI BETTA MARISA E &.,Via Latemar,,Castello-Molina di Fiemme,38030,16,"['RISTORANTE', 'ALBERGO']"
Molina di Fiemme,668,CAVADA DOLORES DI CAVADA UGO & C. S.N.C.,Via Bolzano,,Castello-Molina di Fiemme,38030,22,[]
Stramentizzo Nuovo,669,BAR RISTORANTE PIZZERIA AL LAGO,,,Castello-Molina di Fiemme,38030,19,"['BAR', 'RISTORANTE', 'PIZZERIA']"
Molina di Fiemme,670,BAR RISTORANTE ALBERGO PINETA,Via Cadino,,Castello-Molina di Fiemme,38030,2,"['BAR', 'RISTORANTE', 'ALBERGO']"
Molina di Fiemme,671,RISTORANTE ALBERGO ANCORA DI ZANCANELLA PAOLO E LUCIA S.N.C.,Via Marconi,,Castello-Molina di Fiemme,38030,4,"['RISTORANTE', 'ALBERGO']"
Molina di Fiemme,672,PANIFICIO TARTER DI MARCO TARTER & C. S.N.C.,Via Marconi,,Castello-Molina di Fiemme,38030,17,['PANIFICIO']
Molina di Fiemme,673,FAMIGLIA COOPERATIVA DI CAVALESE - MOLINA DI FIEMME - PREDAIA,Via Marconi,,Castello-Molina di Fiemme,38030,23,[]
,674,FAMIGLIA COOPERATIVA DI CAVALESE - CASTELLO DI FIEMME,Via Roma,,Castello-Molina di Fiemme,38030,11,[]
,675,CARTOLERIA GIOCATTOLI BERTOLDI,Piazza San Giovanni,,Fondo,38013,37,[]
,676,LA BOTTEGA DI ZAMBIASI,Piazza San giovanni,,Fondo,38013,15,[]
,677,LATTERIA SOCIALE DI FONDO,Via IV Novembre,,Fondo,38013,70,[]
,678,FAMIGLIA COOPERATIVA VAL DI NON,Via Battisti,,Fondo,38013,20,[]
,679,CAFFE' VECCHIA TIONE,Via del Foro,,Tione di Trento,38079,16,[]
Casez,680,FAMIGLIA COOPERATIVA VAL DI NON S.C.A.R.L. - CASEZ,Via Roma,,Sanzeno,38010,9,[]
,681,FAMIGLIA COOPERATIVA VAL DI NON S.C.A.R.L. - SANZENO,Via Nazionale,,Sanzeno,38010,28,[]
Banco,682,FAMIGLIA COOPERATIVA VAL DI NON S.C.A.R.L. - BANCO,Via Mazzini,,Sanzeno,38010,2,[]
,683,BAR ALLA FONTANA DI BALDO ONESTINGHEL OLGA & C.,Piazza Centrale,,Sanzeno,38010,38/A,['BAR']
Banco,684,BAR MARINELLI,Via Mazzini,,Sanzeno,38010,3,['BAR']
Banco,685,BAR DALPIAZ,,,Sanzeno,38010,48,['BAR']
Casez,686,HOTEL CASEZ,Via Roma,,Sanzeno,38010,48,['HOTEL']
,687,RISTORANTE AL MULINO,Via S. Romedio ,,Sanzeno,38010,18,['RISTORANTE']
,688,PANIFICIO ZORZI DI ZORZI EZIO & C. S.N.C.,Via Roma,,Castello-Molina di Fiemme,38030,34,['PANIFICIO']
Molina di Fiemme,689,BAR SPORT,Via Italia,,Castello-Molina di Fiemme,38030,10,"['BAR', 'SPORT']"
,690,QUEN CONFEZIONI,Piazza Dante,,Fondo,38013,5,[]
,691,RESTEL DE FER,Via Restel de Fer,,Riva del Garda,38066,10,[]
,692,DELVAI MARKET S.N.C. DI DELVAI NICOLETTA E CARESIA DIEGO,Via Giovanelli A.,,Carano,38033,43,[]
,693,TUTTO LUCE SAS,Via Calepina,,Trento,38122,40,[]
,694,BAR TRE PORTONI,Via S. Croce,,Trento,38122,48,['BAR']
,695,BAR ROMA,Via Roma,,Ospedaletto,38050,22,['BAR']
,696,FIORERIA STELLA,Corso Tre Novembre,,Trento,38122,44,[]
,697,CONTINI,Via Fiume,esercizio commerciale,Riva del Garda,38066,55,[]
,698,A. CRIVELLARI – COSE DI CASA,Via Battisti,,Pergine Valsugana,38057,8,[]
,699,FRISANCO,Piazza Spiaz de le Oche,esercizio commerciale,Pergine Valsugana,38057,33,[]
,700,ALIMENTARI CAOLA,Via Maturi,,Pinzolo,38086,1,['ALIMENTARI']
,701,LA BOTTEGA DEL MOLETA,Via Lampi ,esercizio commerciale/attività artigianale,Cles,38023,9,[]
,702,ALBERGO RISTORANTE CLES – OSTERIA PALAZAN,Piazza Navarrino, ,Cles,38023,7,"['RISTORANTE', 'ALBERGO']"
,703,CAFF'E EUROPA,Piazza Granda,,Cles,38023,5,[]
,704,FARMACIA DE MAFFEI ,Via Pilati,,Cles,38023,13,['FARMACIA']
,705,CAFFÈ BERTOLASI,Piazza Granda,,Cles,38023,43,[]
,706,VISINTAINER CARTOLIBRERIA,Piazza Granda,,Cles,38023,3,[]
,707,ROSANI ALIMENTARI,Piazza Pez,,Cles,38023,1,['ALIMENTARI']
,708,SEGHERIA LONGO,Via Marconi,,Cles,38023,38-44,[]
,709,ALIMENTARI PAOLI S.N.C.,Via Diaz,,Cles,38023,6/A,['ALIMENTARI']
,710,MACELLERIA AGOSTINI LUIGI,Via Lampi ,,Cles,38023,26,['MACELLERIA']
,711,MENAPACE IVO,Via Pilati,esercizio commerciale,Cles,38023,9,[]
,712,VALENTINOTTI FRANCESCO,Piazza Granda,esercizio commerciale,Cles,38023,40,[]
,713,ANGELI FLAVIO,Piazza Municipio ,esercizio commerciale,Cles,38023,6,[]
,714,OREFICERIA A. CORRADINI,Piazza Granda,,Cles,38023,23,[]
,715,ANGELI NICOLA,Piazza Municipio,esercizio commerciale,Cles,38023,4,[]
,716,PREZIOSI STELLA,Piazza Municipio ,,Cles,38023,7,[]
,717,PESCHERIA GOIO,Via Lampi ,,Cles,38023,2,[]
,718,COLORIFICIO PIZ,Piazza Granda,,Cles,38023,30,[]
,719,ABRAM VITTORIO E C. SNC,Via Battisti,esercizio commerciale,Sarnonico,38011,51,[]
,720,BAZAR GIORNALI DI CATTARINI VINCENZO,Via IV Novembre,,Sarnonico,38011,2,['BAZAR']
Stravino,721,CALZATURE DALLAPÈ,Via Trento,,Cavedine,38073,14,['CALZATURE']
Bezzecca,722,BAITA SANTA LUCIA,Via Santa Lucia,esercizio di somministrazione di alimenti e bevande,Ledro,38067,36,[]
,723,ANTICA CROCE,Via dei Laghi,esercizio di somministrazione di alimenti e bevande,Tenno,38060,1,[]
Grumo,724,MOBILI ZENI LINO S.R.L.,Via Postal,esercizio commerciale,S. Michele all’Adige,38010,29,[]
Grumo,725,HOTEL CANTALEONE,Via Tonale,,S. Michele all’Adige,38010,23,['HOTEL']
,726,BAR AL TURISTA,Via Brennero,,S. Michele all’Adige,38010,32,['BAR']
Penia / Fedaia,727,BAR DIGA,,,Canazei,38032,17,['BAR']
Sega,728,ALBERGO MONTILESSINI,,pubblico esercizio – somministrazione di alimenti e bevande – pizzeria,Ala,38061,,"['ALBERGO', 'PIZZERIA']"
,729,BAR EUGENIA,Piazza G. Cantore,,Ala,38061,1,['BAR']
,730,BAR TABACCHI DI BONGIOVANNI MAURO,Piazzetta Cantore,,Ala,38061,5,"['BAR', 'TABACCHI']"
,731,MACELLERIA DEBIASI SERGIO,Via 27 Maggio,,Ala,38061,,['MACELLERIA']
,732,VECCHIO CARNERA,Piazza Buonacquisto,pubblico esercizio – somministrazione di alimenti e bevande – bar/trattoria,Ala,38061,4,['BAR']
,733,OREFICERIA CATTONI DI CATTONI CLAUDIO,Via Cesare Battisti,,Comano Terme,38077,19,[]
,734,CATTONI ELETTRONICA DI CATTONO ROBERTO,Via Cesare Battisti,,Comano Terme,38077,17,[]
San Bernardo,735,HOTEL MIRAMONTI,,ristorante – bar,Rabbi,38020,55,"['BAR', 'RISTORANTE', 'HOTEL']"
,736,LE LUZIE,Piazza SS. Filippo e Giacomo,esercizio commerciale,Predazzo,38037,4,[]
,737,MARCHETTI,Piazza Catena,esercizio commerciale,Riva del Garda,38066,21,[]
Trento,738,INDAL,Via 24 Maggio,esercizio commerciale,Trento,38122,9,[]
,739,ZANLUCCHI SOFIA & C. S.A.S.,Via dei Bagni di Fieno,esercizio commerciale,Garniga Terme,38060,17,[]
,740,RISTORANTE BAR JA VITO DI VENDER KATIA E C. S.N.C.,Stradon de Fascia ,ristorante - bar,Soraga di Fassa,38030,2,"['BAR', 'RISTORANTE']"
,741,SALONE FUORI DI TESTA DI POZZA NADIA,Via Cesare Battisti,parrucchiera (impresa artigiana con vendita di prodotti),Tesero,38038,6/A,[]
,742,FILIPPI E GARDUMI S.N.C. DI GARDUMI RENZO & C.,Via Bolghera,"esercizio commerciale/attività artigianale (pasticceria, gelateria)",Trento,38122,34,[]
Poia,743,ALBERGO LOCANDA FIORE DI SALIZZONI SILVIO E RITA S.N.C.,Via Mazzini,pubblico esercizio – somministrazione di alimenti e bevande – locanda,Comano Terme,38077,22,['ALBERGO']
